-- phpMyAdmin SQL Dump
-- version 5.2.1
-- https://www.phpmyadmin.net/
--
-- Máy chủ: 127.0.0.1
-- Thời gian đã tạo: Th8 06, 2023 lúc 07:29 PM
-- Phiên bản máy phục vụ: 10.4.28-MariaDB
-- Phiên bản PHP: 8.2.4

SET SQL_MODE = "NO_AUTO_VALUE_ON_ZERO";
START TRANSACTION;
SET time_zone = "+00:00";


/*!40101 SET @OLD_CHARACTER_SET_CLIENT=@@CHARACTER_SET_CLIENT */;
/*!40101 SET @OLD_CHARACTER_SET_RESULTS=@@CHARACTER_SET_RESULTS */;
/*!40101 SET @OLD_COLLATION_CONNECTION=@@COLLATION_CONNECTION */;
/*!40101 SET NAMES utf8mb4 */;

--
-- Cơ sở dữ liệu: `team3`
--

-- --------------------------------------------------------

--
-- Cấu trúc bảng cho bảng `order`
--

CREATE TABLE `order` (
  `isDeleted` tinyint(1) NOT NULL,
  `createdBy` varchar(200) DEFAULT NULL,
  `createdAt` datetime NOT NULL,
  `updatedAt` datetime DEFAULT NULL,
  `updatedBy` varchar(200) DEFAULT NULL,
  `deletedAt` datetime DEFAULT NULL,
  `deletedBy` varchar(200) DEFAULT NULL,
  `product` bigint(20) DEFAULT NULL,
  `price` double NOT NULL,
  `total` double NOT NULL,
  `name` varchar(200) NOT NULL,
  `quantity` int(11) NOT NULL,
  `status` varchar(100) NOT NULL,
  `data` longtext CHARACTER SET utf8mb4 COLLATE utf8mb4_bin DEFAULT NULL CHECK (json_valid(`data`)),
  `transaction` int(11) NOT NULL,
  `email` varchar(200) DEFAULT NULL,
  `user` int(11) NOT NULL,
  `id` bigint(20) NOT NULL
) ENGINE=InnoDB DEFAULT CHARSET=utf8mb4 COLLATE=utf8mb4_general_ci;

--
-- Đang đổ dữ liệu cho bảng `order`
--

INSERT INTO `order` (`isDeleted`, `createdBy`, `createdAt`, `updatedAt`, `updatedBy`, `deletedAt`, `deletedBy`, `product`, `price`, `total`, `name`, `quantity`, `status`, `data`, `transaction`, `email`, `user`, `id`) VALUES
(0, NULL, '2023-06-24 08:35:05', NULL, NULL, NULL, NULL, 1, 20000, 200000, 'Viettel 10.000', 1, 'success', '[{\"seri\":\"171544378\",\"code\":\"344774901\",\"exp\":\"2029-06-13 00:00:00.0\"}]', 40, 'hieubgjm@gmail.com', 1, 1),
(0, NULL, '2023-06-24 23:41:33', NULL, NULL, NULL, NULL, 7, 30000, 40000, 'Viettel', 1, 'success', '[{\"seri\":\"619794542\",\"code\":\"756429305\",\"exp\":\"2029-06-13 00:00:00.0\"}]', 67, NULL, 1, 2),
(0, NULL, '2023-06-25 00:04:24', NULL, NULL, NULL, NULL, 9, 20000, 20000, 'Vinaphone 20.000đ', 1, 'success', '[{\"seri\":\"730719404\",\"code\":\"226323369\",\"exp\":\"1624618200L\"}]', 68, NULL, 2, 3),
(0, NULL, '2023-06-25 13:21:39', NULL, NULL, NULL, NULL, 5, 10000, 10000, 'Viettel 10.000đ', 1, 'success', '[{\"seri\":\"876094827\",\"code\":\"109628475\",\"exp\":\"2029-06-13 00:00:00.0\"}]', 69, NULL, 2, 4),
(0, NULL, '2023-06-25 13:24:06', NULL, NULL, NULL, NULL, 5, 10000, 20000, 'Viettel 10.000đ', 2, 'success', '[{\"seri\":\"846651542\",\"code\":\"213031589\",\"exp\":\"2029-06-13 00:00:00.0\"},{\"seri\":\"790114056\",\"code\":\"731941152\",\"exp\":\"2029-06-13 00:00:00.0\"}]', 70, NULL, 2, 5),
(0, NULL, '2023-06-26 02:20:19', NULL, NULL, NULL, NULL, 9, 20000, 20000, 'Vinaphone 20.000?', 1, 'success', '[{\"seri\":\"587907699\",\"code\":\"302940787\",\"exp\":\"2029-06-13 00:00:00.0\"}]', 75, 'hieubgjm@gmail.com', 0, 6),
(0, NULL, '2023-06-26 02:27:12', NULL, NULL, NULL, NULL, 9, 20000, 20000, 'Vinaphone 20.000?', 1, 'success', '[{\"seri\":\"200547850\",\"code\":\"944128615\",\"exp\":\"2029-06-13 00:00:00.0\"}]', 77, 'hieubgjm@gmail.com', 0, 7),
(0, NULL, '2023-06-26 02:34:16', NULL, NULL, NULL, NULL, 7, 30000, 30000, 'Viettel 30.000?', 1, 'fail', NULL, 78, NULL, 0, 8),
(0, NULL, '2023-06-26 02:50:54', NULL, NULL, NULL, NULL, 24, 30000, 30000, 'Mobifone 30.000?', 1, 'fail', NULL, 79, NULL, 0, 11),
(0, NULL, '2023-06-26 02:55:11', NULL, NULL, NULL, NULL, 17, 30000, 30000, 'Vietnamobile 30.000?', 1, 'fail', NULL, 80, NULL, 0, 12),
(0, NULL, '2023-06-26 14:39:41', NULL, NULL, NULL, NULL, 24, 30000, 30000, 'Mobifone 30.000đ', 1, 'success', '[{\"seri\":\"224522627\",\"code\":\"643025305\",\"exp\":\"2029-06-13 00:00:00.0\"}]', 81, 'hieunthe163816@fpt.edu.vn', 2, 13),
(0, NULL, '2023-06-26 17:31:34', NULL, NULL, NULL, NULL, 24, 30000, 90000, 'Mobifone 30.000đ', 3, 'success', '[{\"seri\":\"676918899\",\"code\":\"958058623\",\"exp\":\"2029-06-13 00:00:00.0\"},{\"seri\":\"167095135\",\"code\":\"439209315\",\"exp\":\"2029-06-13 00:00:00.0\"},{\"seri\":\"929436550\",\"code\":\"532842999\",\"exp\":\"2029-06-13 00:00:00.0\"}]', 82, 'quangtvhe161125@fpt.edu.vn', 1, 14),
(0, NULL, '2023-06-27 01:56:41', NULL, NULL, NULL, NULL, 17, 30000, 30000, 'Vietnamobile 30.000đ', 1, 'success', '[{\"seri\":\"717548487\",\"code\":\"872524052\",\"exp\":\"2029-06-13 00:00:00.0\"}]', 83, 'chunglvhe163758@fpt.edu.vn', 2, 15),
(0, NULL, '2023-06-27 15:59:23', NULL, NULL, NULL, NULL, 6, 20000, 20000, 'Viettel 20.000?', 1, 'fail', NULL, 84, NULL, 0, 16),
(0, NULL, '2023-06-27 16:21:46', NULL, NULL, NULL, NULL, 5, 10000, 10000, 'Viettel 10.000?', 1, 'fail', NULL, 85, NULL, 1, 17),
(0, NULL, '2023-06-27 23:34:53', NULL, NULL, NULL, NULL, 2, 200000, 400000, 'Viettel 200.000?', 2, 'success', '[{\"seri\":\"795113445\",\"code\":\"863565054\",\"exp\":\"2029-06-13 00:00:00.0\"},{\"seri\":\"386697204\",\"code\":\"764552006\",\"exp\":\"2029-06-13 00:00:00.0\"}]', 86, NULL, 0, 20),
(0, NULL, '2023-06-28 14:28:41', NULL, NULL, NULL, NULL, 10, 30000, 30000, 'Vinaphone 30.000?', 1, 'success', '[{\"seri\":\"938039247\",\"code\":\"433642558\",\"exp\":\"2029-06-13 00:00:00.0\"}]', 89, NULL, 2, 21),
(0, NULL, '2023-06-28 21:52:27', NULL, NULL, NULL, NULL, 25, 50000, 50000, 'Mobifone 50.000đ', 1, 'success', '[{\"seri\":\"404760614\",\"code\":\"399977533\",\"exp\":\"2029-06-13 00:00:00.0\"}]', 92, 'hieunthe163816@fpt.edu.vn', 2, 22),
(0, NULL, '2023-06-28 21:55:54', NULL, NULL, NULL, NULL, 2, 200000, 200000, 'Viettel 200.000?', 1, 'success', '[{\"seri\":\"923702292\",\"code\":\"971824971\",\"exp\":\"2029-06-13 00:00:00.0\"}]', 93, 'quangtvhe161125@fpt.edu.vn', 0, 23),
(0, NULL, '2023-06-28 22:09:38', NULL, NULL, NULL, NULL, 35, 500000, 2500000, 'Gmobile 500.000đ', 5, 'success', '[{\"seri\":\"674910031\",\"code\":\"444908291\",\"exp\":\"2029-06-13 00:00:00.0\"},{\"seri\":\"160662522\",\"code\":\"809774953\",\"exp\":\"2029-06-13 00:00:00.0\"},{\"seri\":\"756604834\",\"code\":\"944763887\",\"exp\":\"2029-06-13 00:00:00.0\"},{\"seri\":\"328434577\",\"code\":\"811006301\",\"exp\":\"2029-06-13 00:00:00.0\"},{\"seri\":\"394247997\",\"code\":\"530448631\",\"exp\":\"2029-06-13 00:00:00.0\"}]', 94, 'tuanpnche161516@fpt.edu.vn', 1, 24),
(0, NULL, '2023-06-28 22:14:28', NULL, NULL, NULL, NULL, 5, 10000, 20000, 'Viettel 10.000đ', 2, 'success', '[{\"seri\":\"763884992\",\"code\":\"985648109\",\"exp\":\"2029-06-13 00:00:00.0\"},{\"seri\":\"240297365\",\"code\":\"262666758\",\"exp\":\"2029-06-13 00:00:00.0\"}]', 95, 'hieubgjm@gmail.com', 1, 25),
(0, NULL, '2023-06-28 22:22:32', NULL, NULL, NULL, NULL, 7, 30000, 30000, 'Viettel 30.000?', 1, 'success', '[{\"seri\":\"458300331\",\"code\":\"598242638\",\"exp\":\"2029-06-13 00:00:00.0\"}]', 96, 'hieubgjm@gmail.com', 1, 26),
(0, NULL, '2023-06-28 22:56:13', NULL, NULL, NULL, NULL, 17, 30000, 30000, 'Vietnamobile 30.000?', 1, 'fail', NULL, 97, 'hieubgjm@gmail.com', 1, 27),
(0, NULL, '2023-06-28 22:59:09', NULL, NULL, NULL, NULL, 6, 20000, 20000, 'Viettel 20.000?', 1, 'fail', NULL, 98, 'tuanpnche161516@fpt.edu.vn', 19, 28),
(0, NULL, '2023-06-28 23:00:33', NULL, NULL, NULL, NULL, 7, 30000, 30000, 'Viettel 30.000đ', 1, 'success', '[{\"seri\":\"241832791\",\"code\":\"429203602\",\"exp\":\"2029-06-13 00:00:00.0\"}]', 100, 'tuanpnche161516@fpt.edu.vn', 19, 29),
(0, NULL, '2023-06-28 23:06:36', NULL, NULL, NULL, NULL, 14, 500000, 500000, 'Vinaphone 500.000đ', 1, 'success', '[{\"seri\":\"125194242\",\"code\":\"378593376\",\"exp\":\"2029-06-13 00:00:00.0\"}]', 101, 'hieubgjm@gmail.com', 19, 30),
(0, NULL, '2023-06-29 00:24:44', NULL, NULL, NULL, NULL, 18, 50000, 50000, 'Vietnamobile 50.000đ', 1, 'success', '[{\"seri\":\"377527095\",\"code\":\"564883579\",\"exp\":\"2029-06-13 00:00:00.0\"}]', 102, 'hieunthe163816@fpt.edu.vn', 2, 31),
(0, NULL, '2023-06-29 00:24:57', NULL, NULL, NULL, NULL, 18, 50000, 50000, 'Vietnamobile 50.000đ', 1, 'success', '[{\"seri\":\"481294034\",\"code\":\"248965827\",\"exp\":\"2029-06-13 00:00:00.0\"}]', 103, 'hieunthe163816@fpt.edu.vn', 2, 32),
(0, NULL, '2023-06-29 00:24:57', NULL, NULL, NULL, NULL, 18, 50000, 50000, 'Vietnamobile 50.000đ', 1, 'success', '[{\"seri\":\"101759456\",\"code\":\"703651141\",\"exp\":\"2029-06-13 00:00:00.0\"}]', 104, 'hieubgjm@gmail.com', 1, 33),
(0, NULL, '2023-06-29 00:35:24', NULL, NULL, NULL, NULL, 36, 1000000, 1000000, 'Viettel 1.000.000đ', 1, 'success', '[{\"seri\":\"718198185\",\"code\":\"788907254\",\"exp\":\"2029-06-13 00:00:00.0\"}]', 105, 'hieubgjm@gmail.com', 1, 34),
(0, NULL, '2023-06-29 00:42:23', NULL, NULL, NULL, NULL, 36, 1000000, 1000000, 'Viettel 1.000.000đ', 1, 'success', '[{\"seri\":\"614574768\",\"code\":\"397211248\",\"exp\":\"2029-06-13 00:00:00.0\"}]', 106, 'hieubgjm@gmail.com', 1, 35),
(0, NULL, '2023-06-29 00:49:56', NULL, NULL, NULL, NULL, 36, 1000000, 1000000, 'Viettel 1.000.000đ', 1, 'success', '[{\"seri\":\"828986118\",\"code\":\"847437338\",\"exp\":\"2029-06-13 00:00:00.0\"}]', 107, 'hieunthe163816@fpt.edu.vn', 2, 36),
(0, NULL, '2023-06-29 00:51:17', NULL, NULL, NULL, NULL, 36, 1000000, 1000000, 'Viettel 1.000.000đ', 1, 'success', '[{\"seri\":\"146678881\",\"code\":\"254741846\",\"exp\":\"2029-06-13 00:00:00.0\"}]', 108, 'hieunthe163816@fpt.edu.vn', 2, 37),
(0, NULL, '2023-06-29 00:53:48', NULL, NULL, NULL, NULL, 36, 1000000, 1000000, 'Viettel 1.000.000đ', 1, 'success', '[{\"seri\":\"863103706\",\"code\":\"855152647\",\"exp\":\"2029-06-13 00:00:00.0\"}]', 109, 'hieunthe163816@fpt.edu.vn', 2, 38),
(0, NULL, '2023-06-29 00:53:48', NULL, NULL, NULL, NULL, 36, 1000000, 1000000, 'Viettel 1.000.000đ', 1, 'success', '[{\"seri\":\"657464520\",\"code\":\"224931930\",\"exp\":\"2029-06-13 00:00:00.0\"}]', 110, 'hieubgjm@gmail.com', 1, 39),
(0, NULL, '2023-06-29 01:35:53', NULL, NULL, NULL, NULL, 5, 10000, 10000, 'Viettel 10.000đ', 1, 'success', '[{\"seri\":\"975562374\",\"code\":\"456138091\",\"exp\":\"2029-06-13 00:00:00.0\"}]', 112, 'hieubgjm@gmail.com', 1, 40),
(0, NULL, '2023-06-29 01:35:57', NULL, NULL, NULL, NULL, 5, 10000, 10000, 'Viettel 10.000đ', 1, 'success', '[{\"seri\":\"368822384\",\"code\":\"645080436\",\"exp\":\"2029-06-13 00:00:00.0\"}]', 113, 'hieubgjm@gmail.com', 1, 41),
(0, NULL, '2023-06-29 01:36:06', NULL, NULL, NULL, NULL, 3, 100000, 100000, 'Viettel 100.000đ', 1, 'success', '[{\"seri\":\"766377531\",\"code\":\"384003921\",\"exp\":\"2029-06-13 00:00:00.0\"}]', 114, 'hieubgjm@gmail.com', 1, 42),
(0, NULL, '2023-06-29 01:36:11', NULL, NULL, NULL, NULL, 3, 100000, 100000, 'Viettel 100.000đ', 1, 'success', '[{\"seri\":\"390510873\",\"code\":\"651493848\",\"exp\":\"2029-06-13 00:00:00.0\"}]', 115, 'hieubgjm@gmail.com', 1, 43),
(0, NULL, '2023-06-29 13:23:30', NULL, NULL, NULL, NULL, 5, 10000, 10000, 'Viettel 10.000?', 1, 'fail', NULL, 116, 'nct111622@gmail.com', 0, 44),
(0, NULL, '2023-06-29 13:23:32', NULL, NULL, NULL, NULL, 5, 10000, 10000, 'Viettel 10.000?', 1, 'fail', NULL, 117, 'nct111622@gmail.com', 0, 45),
(0, NULL, '2023-06-29 13:41:03', NULL, NULL, NULL, NULL, 35, 500000, 500000, 'Gmobile 500.000đ', 1, 'success', '[{\"seri\":\"456112405\",\"code\":\"343246200\",\"exp\":\"2029-06-13 00:00:00.0\"}]', 118, 'hieubgjm@gmail.com', 1, 46),
(0, NULL, '2023-06-29 15:25:05', NULL, NULL, NULL, NULL, 20, 200000, 200000, 'Vietnamobile 200.000?', 1, 'fail', NULL, 119, 'chungnkhe160935@fpt.edu.vn', 2, 47),
(0, NULL, '2023-06-29 15:29:59', NULL, NULL, NULL, NULL, 20, 200000, 200000, 'Vietnamobile 200.000đ', 1, 'success', '[{\"seri\":\"276350527\",\"code\":\"580598421\",\"exp\":\"2029-06-13 00:00:00.0\"}]', 120, 'chungnkhe160935@fpt.edu.vn', 1, 48),
(0, NULL, '2023-06-29 17:22:04', NULL, NULL, NULL, NULL, 5, 10000, 10000, 'Viettel 10.000?', 1, 'fail', NULL, 121, 'hieunthe163816@fpt.edu.vn', 0, 49),
(0, NULL, '2023-06-29 17:22:33', NULL, NULL, NULL, NULL, 17, 30000, 30000, 'Vietnamobile 30.000?', 1, 'fail', NULL, 122, 'hieunthe163816@fpt.edu.vn', 0, 50),
(0, NULL, '2023-06-29 17:23:49', NULL, NULL, NULL, NULL, 17, 30000, 30000, 'Vietnamobile 30.000đ', 1, 'success', '[{\"seri\":\"649056781\",\"code\":\"523932771\",\"exp\":\"2029-06-13 00:00:00.0\"}]', 123, 'khangpq3@fpt.edu.vn', 2, 51),
(0, NULL, '2023-06-29 17:28:13', NULL, NULL, NULL, NULL, 17, 30000, 300000, 'Vietnamobile 30.000đ', 10, 'success', '[{\"seri\":\"498413635\",\"code\":\"660658535\",\"exp\":\"2029-06-13 00:00:00.0\"},{\"seri\":\"424317523\",\"code\":\"106614644\",\"exp\":\"2029-06-13 00:00:00.0\"},{\"seri\":\"577434730\",\"code\":\"517627816\",\"exp\":\"2029-06-13 00:00:00.0\"},{\"seri\":\"411553740\",\"code\":\"434649020\",\"exp\":\"2029-06-13 00:00:00.0\"},{\"seri\":\"746882679\",\"code\":\"424833033\",\"exp\":\"2029-06-13 00:00:00.0\"},{\"seri\":\"295601170\",\"code\":\"691968944\",\"exp\":\"2029-06-13 00:00:00.0\"},{\"seri\":\"454839741\",\"code\":\"485706223\",\"exp\":\"2029-06-13 00:00:00.0\"},{\"seri\":\"859555042\",\"code\":\"396268377\",\"exp\":\"2029-06-13 00:00:00.0\"},{\"seri\":\"719274326\",\"code\":\"126098822\",\"exp\":\"2029-06-13 00:00:00.0\"},{\"seri\":\"864171598\",\"code\":\"755026213\",\"exp\":\"2029-06-13 00:00:00.0\"}]', 125, 'hieunthe163816@fpt.edu.vn', 2, 52),
(0, NULL, '2023-06-29 17:28:35', NULL, NULL, NULL, NULL, 17, 30000, 300000, 'Vietnamobile 30.000?', 10, 'fail', NULL, 126, 'hieunthe163816@fpt.edu.vn', 2, 53),
(0, NULL, '2023-06-29 17:28:43', NULL, NULL, NULL, NULL, 17, 30000, 30000, 'Vietnamobile 30.000đ', 1, 'success', '[{\"seri\":\"363961635\",\"code\":\"181295916\",\"exp\":\"2029-06-13 00:00:00.0\"}]', 127, 'hieunthe163816@fpt.edu.vn', 2, 54),
(0, NULL, '2023-06-29 17:28:52', NULL, NULL, NULL, NULL, 17, 30000, 300000, 'Vietnamobile 30.000đ', 10, 'success', '[{\"seri\":\"418711979\",\"code\":\"412074803\",\"exp\":\"2029-06-13 00:00:00.0\"},{\"seri\":\"616663047\",\"code\":\"337659503\",\"exp\":\"2029-06-13 00:00:00.0\"},{\"seri\":\"686166287\",\"code\":\"917383079\",\"exp\":\"2029-06-13 00:00:00.0\"},{\"seri\":\"934645713\",\"code\":\"758179240\",\"exp\":\"2029-06-13 00:00:00.0\"},{\"seri\":\"829882010\",\"code\":\"511522892\",\"exp\":\"2029-06-13 00:00:00.0\"},{\"seri\":\"322580977\",\"code\":\"224049004\",\"exp\":\"2029-06-13 00:00:00.0\"},{\"seri\":\"846397311\",\"code\":\"585327080\",\"exp\":\"2029-06-13 00:00:00.0\"},{\"seri\":\"419135483\",\"code\":\"852514290\",\"exp\":\"2029-06-13 00:00:00.0\"},{\"seri\":\"903548750\",\"code\":\"652180533\",\"exp\":\"2029-06-13 00:00:00.0\"},{\"seri\":\"393992458\",\"code\":\"532330019\",\"exp\":\"2029-06-13 00:00:00.0\"}]', 128, 'hieunthe163816@fpt.edu.vn', 2, 55),
(0, NULL, '2023-07-01 15:49:27', NULL, NULL, NULL, NULL, 16, 20000, 20000, 'Vietnamobile 20.000?', 1, 'fail', NULL, 130, 'hieunthe163816@fpt.edu.vn', 2, 56),
(0, NULL, '2023-07-01 15:50:58', NULL, NULL, NULL, NULL, 12, 100000, 100000, 'Vinaphone 100.000?', 1, 'fail', NULL, 131, 'hieunthe163816@fpt.edu.vn', 0, 57),
(0, NULL, '2023-07-01 16:44:08', NULL, NULL, NULL, NULL, 17, 30000, 30000, 'Vietnamobile 30.000?', 1, 'fail', NULL, 133, 'hieubgjm@gmail.com', 0, 59),
(0, NULL, '2023-07-12 12:00:00', NULL, NULL, NULL, NULL, 1, 10.99, 32.97, 'John Doe', 3, 'fail', NULL, 123, 'john.doe@example.com', 0, 73),
(0, NULL, '2023-07-12 18:08:20', NULL, NULL, NULL, NULL, 8, 10000, 10000, 'Vinaphone 10.000đ', 1, 'success', '[{\"seri\":\"104769864\",\"code\":\"701698589\",\"exp\":\"2029-06-13 00:00:00.0\"}]', 364, 'hieubgjm@gmail.com', 1, 74),
(0, NULL, '2023-07-21 03:11:30', NULL, NULL, NULL, NULL, 9, 20000, 60000, 'Vinaphone 20.000đ', 3, 'success', '[{\"seri\":\"650350183\",\"code\":\"171175320\",\"exp\":\"2029-06-13 00:00:00.0\"},{\"seri\":\"652896772\",\"code\":\"615755939\",\"exp\":\"2029-06-13 00:00:00.0\"},{\"seri\":\"708266362\",\"code\":\"663952385\",\"exp\":\"2029-06-13 00:00:00.0\"}]', 368, 'hieubgjm@gmail.com', 1, 78),
(0, NULL, '2023-07-21 03:27:23', NULL, NULL, NULL, NULL, 6, 20000, 20000, 'Viettel 20.000?', 1, 'success', '[{\"seri\":\"587907699\",\"code\":\"302940787\",\"exp\":\"2029-06-13 00:00:00.0\"}]', 369, 'hieubgjm@gmail.com', 0, 79),
(0, NULL, '2023-07-21 03:39:44', NULL, NULL, NULL, NULL, 2, 200000, 200000, 'Viettel 200.000?', 1, 'success', '[{\"seri\":\"606960880\",\"code\":\"837966894\",\"exp\":\"2029-06-13 00:00:00.0\"}]', 370, 'hieubgjm@gmail.com', 0, 80),
(0, NULL, '2023-07-21 11:15:24', NULL, NULL, NULL, NULL, 16, 20000, 20000, 'Vietnamobile 20.000', 1, 'fail', NULL, 371, 'hieubgjm@gmail.com', 0, 81),
(0, NULL, '2023-07-21 11:16:30', NULL, NULL, NULL, NULL, 17, 30000, 30000, 'Vietnamobile 30.000', 1, 'success', '[{\"seri\":\"384762623\",\"code\":\"345648372\",\"exp\":\"2029-06-13 00:00:00.0\"}]', 372, 'hieubgjm@gmail.com', 0, 82),
(0, NULL, '2023-07-21 11:22:08', NULL, NULL, NULL, NULL, 6, 20000, 20000, 'Viettel 20.000', 1, 'success', '[{\"seri\":\"587907699\",\"code\":\"302940787\",\"exp\":\"2029-06-13 00:00:00.0\"}]', 373, 'hieubgjm@gmail.com', 0, 83),
(0, NULL, '2023-07-21 12:55:54', NULL, NULL, NULL, NULL, 17, 30000, 180000, 'Vietnamobile 30.000đ', 6, 'fail', NULL, 374, 'hieubgjm@gmail.com', 1, 84),
(0, NULL, '2023-07-21 22:49:22', NULL, NULL, NULL, NULL, 10, 30000, 30000, 'Vinaphone 30.000?', 1, 'success', '[{\"seri\":\"580972262\",\"code\":\"923041513\",\"exp\":\"2029-06-13 00:00:00.0\"}]', 376, 'hieubgjm@gmail.com', 0, 85),
(0, NULL, '2023-07-21 22:55:52', NULL, NULL, NULL, NULL, 5, 10000, 10000, 'Viettel 10.000', 1, 'fail', NULL, 377, 'tuanngu@gmail.com', 0, 86),
(0, NULL, '2023-07-21 23:23:01', NULL, NULL, NULL, NULL, 17, 30000, 30000, 'Vietnamobile 30.000', 1, 'success', '[{\"seri\":\"384762623\",\"code\":\"345648372\",\"exp\":\"2029-06-13 00:00:00.0\"}]', 378, 'hieubgjm@gmail.com', 0, 87),
(0, NULL, '2023-07-21 23:24:17', NULL, NULL, NULL, NULL, 17, 30000, 180000, 'Vietnamobile 30.000', 6, 'fail', NULL, 379, 'hieubgjm@gmail.com', 0, 88),
(0, NULL, '2023-07-22 10:25:07', NULL, NULL, NULL, NULL, 9, 20000, 20000, 'Vinaphone 20.000đ', 1, 'success', '[{\"seri\":\"650350183\",\"code\":\"171175320\",\"exp\":\"2029-06-13 00:00:00.0\"}]', 384, 'hieubgjm@gmail.com', 20, 89),
(0, NULL, '2023-07-22 10:29:14', NULL, NULL, NULL, NULL, 8, 10000, 10000, 'Vinaphone 10.000đ', 1, 'success', '[{\"seri\":\"104769864\",\"code\":\"701698589\",\"exp\":\"2029-06-13 00:00:00.0\"}]', 385, 'hieubgjm@gmail.com', 20, 90),
(0, NULL, '2023-07-22 10:43:59', NULL, NULL, NULL, NULL, 9, 20000, 40000, 'Vinaphone 20.000đ', 2, 'success', '[{\"seri\":\"650350183\",\"code\":\"171175320\",\"exp\":\"2029-06-13 00:00:00.0\"},{\"seri\":\"652896772\",\"code\":\"615755939\",\"exp\":\"2029-06-13 00:00:00.0\"}]', 387, 'hieubgjm@gmail.com', 21, 91),
(0, NULL, '2023-07-22 11:11:02', NULL, NULL, NULL, NULL, 6, 20000, 20000, 'Viettel 20.000đ', 1, 'success', '[{\"seri\":\"587907699\",\"code\":\"302940787\",\"exp\":\"2029-06-13 00:00:00.0\"}]', 389, 'hieubgjm@gmail.com', 22, 92),
(0, NULL, '2023-07-22 11:11:34', NULL, NULL, NULL, NULL, 30, 20000, 80000, 'Gmobile 20.000đ', 4, 'success', '[{\"seri\":\"674322520\",\"code\":\"589120604\",\"exp\":\"2029-06-13 00:00:00.0\"},{\"seri\":\"516161188\",\"code\":\"856087845\",\"exp\":\"2029-06-13 00:00:00.0\"},{\"seri\":\"216027897\",\"code\":\"489359011\",\"exp\":\"2029-06-13 00:00:00.0\"},{\"seri\":\"936507004\",\"code\":\"408187947\",\"exp\":\"2029-06-13 00:00:00.0\"}]', 390, 'hieubgjm@gmail.com', 22, 93),
(0, NULL, '2023-07-22 11:11:48', NULL, NULL, NULL, NULL, 30, 20000, 20000, 'Gmobile 20.000', 1, 'success', '[{\"seri\":\"674322520\",\"code\":\"589120604\",\"exp\":\"2029-06-13 00:00:00.0\"}]', 391, 'hieubgjm@gmail.com', 22, 94),
(0, NULL, '2023-07-22 11:17:11', NULL, NULL, NULL, NULL, 24, 30000, 30000, 'Mobifone 30.000đ', 1, 'success', '[{\"seri\":\"863851579\",\"code\":\"159396221\",\"exp\":\"2029-06-13 00:00:00.0\"}]', 392, 'hieubgjm@gmail.com', 22, 95),
(0, NULL, '2023-07-22 11:17:22', NULL, NULL, NULL, NULL, 30, 20000, 20000, 'Gmobile 20.000đ', 1, 'success', '[{\"seri\":\"674322520\",\"code\":\"589120604\",\"exp\":\"2029-06-13 00:00:00.0\"}]', 393, 'hieubgjm@gmail.com', 22, 96),
(0, NULL, '2023-07-22 11:17:35', NULL, NULL, NULL, NULL, 30, 20000, 100000, 'Gmobile 20.000đ', 5, 'success', '[{\"seri\":\"674322520\",\"code\":\"589120604\",\"exp\":\"2029-06-13 00:00:00.0\"},{\"seri\":\"516161188\",\"code\":\"856087845\",\"exp\":\"2029-06-13 00:00:00.0\"},{\"seri\":\"216027897\",\"code\":\"489359011\",\"exp\":\"2029-06-13 00:00:00.0\"},{\"seri\":\"936507004\",\"code\":\"408187947\",\"exp\":\"2029-06-13 00:00:00.0\"},{\"seri\":\"495421103\",\"code\":\"342193894\",\"exp\":\"2029-06-13 00:00:00.0\"}]', 394, 'hieubgjm@gmail.com', 22, 97),
(0, NULL, '2023-07-22 19:38:32', NULL, NULL, NULL, NULL, 21, 500000, 1000000, 'Vietnamobile 500.000đ', 2, 'fail', NULL, 395, 'hieubgjm@gmail.com', 22, 98),
(0, NULL, '2023-07-22 19:51:08', NULL, NULL, NULL, NULL, 21, 500000, 1000000, 'Vietnamobile 500.000', 2, 'wait', NULL, 396, 'hieubgjm@gmail.com', 22, 99),
(0, NULL, '2023-07-22 19:51:38', NULL, NULL, NULL, NULL, 21, 500000, 1000000, 'Vietnamobile 500.000đ', 2, 'fail', NULL, 397, 'hieubgjm@gmail.com', 22, 100);

-- --------------------------------------------------------

--
-- Cấu trúc bảng cho bảng `product`
--

CREATE TABLE `product` (
  `isDeleted` tinyint(1) NOT NULL,
  `createdBy` varchar(200) NOT NULL,
  `createdAt` datetime NOT NULL,
  `updatedAt` datetime DEFAULT NULL,
  `updatedBy` varchar(200) DEFAULT NULL,
  `deletedAt` datetime DEFAULT NULL,
  `deletedBy` varchar(200) DEFAULT NULL,
  `key` varchar(200) DEFAULT NULL,
  `name` varchar(100) NOT NULL,
  `image` varchar(200) NOT NULL,
  `describe` varchar(500) DEFAULT NULL,
  `price` double NOT NULL,
  `profit` int(11) NOT NULL,
  `supplier` int(11) NOT NULL,
  `quantity` int(11) NOT NULL,
  `id` bigint(20) NOT NULL
) ENGINE=InnoDB DEFAULT CHARSET=utf8mb4 COLLATE=utf8mb4_general_ci;

--
-- Đang đổ dữ liệu cho bảng `product`
--

INSERT INTO `product` (`isDeleted`, `createdBy`, `createdAt`, `updatedAt`, `updatedBy`, `deletedAt`, `deletedBy`, `key`, `name`, `image`, `describe`, `price`, `profit`, `supplier`, `quantity`, `id`) VALUES
(0, 'admin', '2023-06-06 18:26:21', NULL, NULL, NULL, NULL, 'viettel500', 'Viettel 500.000', '', 'the nap dien thoai menh gia 500.000 vnd nha mang viettel', 500000, 3, 1, 30, 1),
(0, 'admin', '2023-06-16 11:17:19', NULL, NULL, NULL, NULL, 'viettel200', 'Viettel 200.000', '', 'the nap dien thoai menh gia 200.000 vnd nha mang viettel', 200000, 2, 1, 26, 2),
(0, 'admin', '2023-06-16 11:17:19', NULL, NULL, NULL, NULL, 'viettel100', 'Viettel 100.000', '', 'the nap dien thoai menh gia 100.000 vnd nha mang viettel', 100000, 2, 1, 28, 3),
(0, 'admin', '2023-06-16 11:17:19', NULL, NULL, NULL, NULL, 'viettel50', 'Viettel 50.000', '', 'the nap dien thoai menh gia 50.000 vnd nha mang viettel', 50000, 2, 1, 30, 4),
(0, 'admin', '2023-06-16 19:07:47', '2023-06-27 02:07:07', NULL, NULL, NULL, 'viettel10', 'Viettel 10.000', '', 'the nap dien thoai menh gia 10.000 vnd nha mang viettel', 10000, 1, 1, 22, 5),
(0, 'admin', '2023-06-16 19:07:47', NULL, NULL, NULL, NULL, 'viettel10', 'Viettel 20.000', '', 'the nap dien thoai menh gia 20.000 vnd nha mang viettel', 20000, 1, 1, 27, 6),
(0, 'admin', '2023-06-16 19:07:47', NULL, NULL, NULL, NULL, 'viettel30', 'Viettel 30.000', '', 'the nap dien thoai menh gia 30.000 vnd nha mang viettel', 30000, 1, 1, 30, 7),
(0, 'admin', '2023-06-16 19:07:47', '2023-06-27 02:07:16', NULL, NULL, NULL, 'vina10', 'Vinaphone 10.000', '', 'the nap dien thoai menh gia 10.000 vnd nha mang Vinaphone', 10000, 1, 2, 28, 8),
(0, 'admin', '2023-06-16 19:07:47', NULL, NULL, NULL, NULL, 'vina20', 'Vinaphone 20.000', '', 'the nap dien thoai menh gia 20.000 vnd nha mang Vinaphone', 20000, 1, 2, 14, 9),
(0, 'admin', '2023-06-16 19:07:47', NULL, NULL, NULL, NULL, 'vina30', 'Vinaphone 30.000', '', 'the nap dien thoai menh gia 30.000 vnd nha mang Vinaphone', 30000, 1, 2, 28, 10),
(0, 'admin', '2023-06-16 19:07:47', NULL, NULL, NULL, NULL, 'vina50', 'Vinaphone 50.000', '', 'the nap dien thoai menh gia 50.000 vnd nha mang Vinaphone', 50000, 1, 2, 30, 11),
(0, 'admin', '2023-06-16 19:07:47', NULL, NULL, NULL, NULL, 'vina100', 'Vinaphone 100.000', '', 'the nap dien thoai menh gia 100.000 vnd nha mang Vinaphone', 100000, 2, 2, 30, 12),
(0, 'admin', '2023-06-16 19:07:47', NULL, NULL, NULL, NULL, 'vina200', 'Vinaphone 200.000', '', 'the nap dien thoai menh gia 200.000 vnd nha mang Vinaphone', 200000, 3, 2, 30, 13),
(0, 'admin', '2023-06-16 19:07:47', NULL, NULL, NULL, NULL, 'vina500', 'Vinaphone 500.000', '', 'the nap dien thoai menh gia 500.000 vnd nha mang Vinaphone', 500000, 3, 2, 29, 14),
(0, 'admin', '3033-06-16 19:07:47', NULL, NULL, NULL, NULL, 'vietnamobile10', 'Vietnamobile 10.000', '', 'the nap dien thoai menh gia 10.000 vnd nha mang Vietnamobile', 10000, 1, 3, 30, 15),
(0, 'admin', '3033-06-16 19:07:47', NULL, NULL, NULL, NULL, 'vietnamobile20', 'Vietnamobile 20.000', '', 'the nap dien thoai menh gia 20.000 vnd nha mang Vietnamobile', 20000, 1, 3, 30, 16),
(0, 'admin', '3033-06-16 19:07:47', NULL, NULL, NULL, NULL, 'vietnamobile30', 'Vietnamobile 30.000', '', 'the nap dien thoai menh gia 30.000 vnd nha mang Vietnamobile', 30000, 1, 3, 4, 17),
(0, 'admin', '3033-06-16 19:07:47', NULL, NULL, NULL, NULL, 'vietnamobile50', 'Vietnamobile 50.000', '', 'the nap dien thoai menh gia 50.000 vnd nha mang Vietnamobile', 50000, 1, 3, 27, 18),
(0, 'admin', '3033-06-16 19:07:47', NULL, NULL, NULL, NULL, 'vietnamobile100', 'Vietnamobile 100.000', '', 'the nap dien thoai menh gia 100.000 vnd nha mang Vietnamobile', 100000, 3, 3, 30, 19),
(0, 'admin', '3033-06-16 19:07:47', NULL, NULL, NULL, NULL, 'vietnamobile200', 'Vietnamobile 200.000', '', 'the nap dien thoai menh gia 200.000 vnd nha mang Vietnamobile', 200000, 3, 3, 29, 20),
(0, 'admin', '3033-06-16 19:07:47', NULL, NULL, NULL, NULL, 'vietnamobile500', 'Vietnamobile 500.000', '', 'the nap dien thoai menh gia 500.000 vnd nha mang Vietnamobile', 500000, 3, 3, 30, 21),
(0, 'admin', '4043-06-16 19:07:47', NULL, NULL, NULL, NULL, 'mobifone10', 'Mobifone 10.000', '', 'the nap dien thoai menh gia 10.000 vnd nha mang Mobifone', 10000, 1, 4, 30, 22),
(0, 'admin', '4043-06-16 19:07:47', NULL, NULL, NULL, NULL, 'mobifone20', 'Mobifone 20.000', '', 'the nap dien thoai menh gia 40.000 vnd nha mang Mobifone', 20000, 1, 4, 30, 23),
(0, 'admin', '4043-06-16 19:07:47', NULL, NULL, NULL, NULL, 'mobifone30', 'Mobifone 30.000', '', 'the nap dien thoai menh gia 30.000 vnd nha mang Mobifone', 30000, 1, 4, 25, 24),
(0, 'admin', '4043-06-16 19:07:47', NULL, NULL, NULL, NULL, 'mobifone50', 'Mobifone 50.000', '', 'the nap dien thoai menh gia 50.000 vnd nha mang Mobifone', 50000, 1, 4, 25, 25),
(0, 'admin', '4043-06-16 19:07:47', NULL, NULL, NULL, NULL, 'mobifone100', 'Mobifone 100.000', '', 'the nap dien thoai menh gia 100.000 vnd nha mang Mobifone', 100000, 4, 4, 0, 26),
(0, 'admin', '4043-06-16 19:07:47', NULL, NULL, NULL, NULL, 'mobifone200', 'Mobifone 200.000', '', 'the nap dien thoai menh gia 400.000 vnd nha mang Mobifone', 200000, 3, 4, 30, 27),
(0, 'admin', '4043-06-16 19:07:47', NULL, NULL, NULL, NULL, 'mobifone500', 'Mobifone 500.000', '', 'the nap dien thoai menh gia 500.000 vnd nha mang Mobifone', 500000, 3, 4, 30, 28),
(0, 'admin', '5053-06-16 19:07:47', NULL, NULL, NULL, NULL, 'gmobile10', 'Gmobile 10.000', '', 'the nap dien thoai menh gia 10.000 vnd nha mang Gmobile', 10000, 1, 5, 30, 29),
(0, 'admin', '5053-06-16 19:07:47', NULL, NULL, NULL, NULL, 'gmobile20', 'Gmobile 20.000', '', 'the nap dien thoai menh gia 20.000 vnd nha mang Gmobile', 20000, 1, 5, 19, 30),
(0, 'admin', '5053-06-16 19:07:47', NULL, NULL, NULL, NULL, 'gmobile30', 'Gmobile 30.000', '', 'the nap dien thoai menh gia 30.000 vnd nha mang Gmobile', 30000, 1, 5, 30, 31),
(0, 'admin', '5053-06-16 19:07:47', NULL, NULL, NULL, NULL, 'gmobile50', 'Gmobile 50.000', '', 'the nap dien thoai menh gia 50.000 vnd nha mang Gmobile', 50000, 1, 5, 30, 32),
(0, 'admin', '5053-06-16 19:07:47', NULL, NULL, NULL, NULL, 'gmobile100', 'Gmobile 100.000', '', 'the nap dien thoai menh gia 100.000 vnd nha mang Gmobile', 100000, 5, 5, 30, 33),
(0, 'admin', '5053-06-16 19:07:47', NULL, NULL, NULL, NULL, 'gmobile200', 'Gmobile 200.000', '', 'the nap dien thoai menh gia 200.000 vnd nha mang Gmobile', 200000, 3, 5, 30, 34),
(0, 'admin', '5053-06-16 19:07:47', NULL, NULL, NULL, NULL, 'gmobile500', 'Gmobile 500.000', '', 'the nap dien thoai menh gia 500.000 vnd nha mang Gmobile', 500000, 3, 5, 24, 35),
(1, 'chung', '2023-06-19 12:33:44', '2023-06-29 17:18:31', NULL, NULL, NULL, 'viettel1000', 'Viettel 1.000.000', 'viettel', NULL, 1000000, 4, 1, -1, 36);

-- --------------------------------------------------------

--
-- Cấu trúc bảng cho bảng `storage`
--

CREATE TABLE `storage` (
  `isDeleted` tinyint(1) NOT NULL,
  `createdBy` varchar(200) NOT NULL,
  `createdAt` datetime NOT NULL,
  `updatedAt` datetime DEFAULT NULL,
  `updatedBy` varchar(200) DEFAULT NULL,
  `deletedAt` datetime DEFAULT NULL,
  `deletedBy` varchar(200) DEFAULT NULL,
  `seri` varchar(100) NOT NULL,
  `code` varchar(100) NOT NULL,
  `exp` date NOT NULL,
  `status` tinyint(1) NOT NULL,
  `order_id` bigint(11) DEFAULT NULL,
  `product` bigint(20) NOT NULL,
  `id` bigint(20) NOT NULL
) ENGINE=InnoDB DEFAULT CHARSET=utf8mb4 COLLATE=utf8mb4_general_ci;

--
-- Đang đổ dữ liệu cho bảng `storage`
--

INSERT INTO `storage` (`isDeleted`, `createdBy`, `createdAt`, `updatedAt`, `updatedBy`, `deletedAt`, `deletedBy`, `seri`, `code`, `exp`, `status`, `order_id`, `product`, `id`) VALUES
(0, 'admin', '2023-06-24 23:48:05', NULL, NULL, NULL, NULL, '171544378', '344774901', '2029-06-13', 1, NULL, 1, 201),
(0, 'admin', '2023-06-24 23:48:05', NULL, NULL, NULL, NULL, '594446081', '832872829', '2029-06-13', 1, NULL, 1, 202),
(0, 'admin', '2023-06-24 23:48:05', NULL, NULL, NULL, NULL, '325952008', '979512474', '2029-06-13', 1, NULL, 1, 203),
(0, 'admin', '2023-06-24 23:48:05', NULL, NULL, NULL, NULL, '912588031', '565327042', '2029-06-13', 1, NULL, 1, 204),
(0, 'admin', '2023-06-24 23:48:05', NULL, NULL, NULL, NULL, '554600797', '991551416', '2029-06-13', 1, NULL, 1, 205),
(0, 'admin', '2023-06-24 23:48:05', NULL, NULL, NULL, NULL, '875173545', '539219941', '2029-06-13', 1, NULL, 1, 206),
(0, 'admin', '2023-06-24 23:48:05', NULL, NULL, NULL, NULL, '997055220', '423509166', '2029-06-13', 1, NULL, 1, 207),
(0, 'admin', '2023-06-24 23:48:05', NULL, NULL, NULL, NULL, '300798292', '169096009', '2029-06-13', 1, NULL, 1, 208),
(0, 'admin', '2023-06-24 23:48:05', NULL, NULL, NULL, NULL, '337802785', '352772623', '2029-06-13', 1, NULL, 1, 209),
(0, 'admin', '2023-06-24 23:48:05', NULL, NULL, NULL, NULL, '654985927', '154929964', '2029-06-13', 1, NULL, 1, 210),
(0, 'admin', '2023-06-24 23:48:05', NULL, NULL, NULL, NULL, '679649367', '144263406', '2029-06-13', 1, NULL, 1, 211),
(0, 'admin', '2023-06-24 23:48:05', NULL, NULL, NULL, NULL, '773911256', '956189144', '2029-06-13', 1, NULL, 1, 212),
(0, 'admin', '2023-06-24 23:48:05', NULL, NULL, NULL, NULL, '183710013', '968003997', '2029-06-13', 1, NULL, 1, 213),
(0, 'admin', '2023-06-24 23:48:05', NULL, NULL, NULL, NULL, '294930770', '164061750', '2029-06-13', 1, NULL, 1, 214),
(0, 'admin', '2023-06-24 23:48:05', NULL, NULL, NULL, NULL, '295146412', '993178412', '2029-06-13', 1, NULL, 1, 215),
(0, 'admin', '2023-06-24 23:48:05', NULL, NULL, NULL, NULL, '877637693', '376758247', '2029-06-13', 1, NULL, 1, 216),
(0, 'admin', '2023-06-24 23:48:05', NULL, NULL, NULL, NULL, '671397514', '738711181', '2029-06-13', 1, NULL, 1, 217),
(0, 'admin', '2023-06-24 23:48:05', NULL, NULL, NULL, NULL, '132819435', '669950914', '2029-06-13', 1, NULL, 1, 218),
(0, 'admin', '2023-06-24 23:48:05', NULL, NULL, NULL, NULL, '707641527', '277855674', '2029-06-13', 1, NULL, 1, 219),
(0, 'admin', '2023-06-24 23:48:05', NULL, NULL, NULL, NULL, '479209016', '294873800', '2029-06-13', 1, NULL, 1, 220),
(0, 'admin', '2023-06-24 23:48:05', NULL, NULL, NULL, NULL, '861837460', '156205538', '2029-06-13', 1, NULL, 1, 221),
(0, 'admin', '2023-06-24 23:48:05', NULL, NULL, NULL, NULL, '922289264', '842424724', '2029-06-13', 1, NULL, 1, 222),
(0, 'admin', '2023-06-24 23:48:05', NULL, NULL, NULL, NULL, '563110977', '504905108', '2029-06-13', 1, NULL, 1, 223),
(0, 'admin', '2023-06-24 23:48:05', NULL, NULL, NULL, NULL, '329988725', '767833986', '2029-06-13', 1, NULL, 1, 224),
(0, 'admin', '2023-06-24 23:48:05', NULL, NULL, NULL, NULL, '853127738', '878269179', '2029-06-13', 1, NULL, 1, 225),
(0, 'admin', '2023-06-24 23:48:05', NULL, NULL, NULL, NULL, '883679748', '370555028', '2029-06-13', 1, NULL, 1, 226),
(0, 'admin', '2023-06-24 23:48:05', NULL, NULL, NULL, NULL, '590266863', '529099294', '2029-06-13', 1, NULL, 1, 227),
(0, 'admin', '2023-06-24 23:48:05', NULL, NULL, NULL, NULL, '995882255', '927586540', '2029-06-13', 1, NULL, 1, 228),
(0, 'admin', '2023-06-24 23:48:05', NULL, NULL, NULL, NULL, '186675220', '796332087', '2029-06-13', 1, NULL, 1, 229),
(0, 'admin', '2023-06-24 23:48:05', NULL, NULL, NULL, NULL, '326749660', '383336285', '2029-06-13', 1, NULL, 1, 230),
(0, 'admin', '2023-06-24 23:48:28', NULL, NULL, NULL, NULL, '795113445', '863565054', '2029-06-13', 0, 20, 2, 231),
(0, 'admin', '2023-06-24 23:48:28', NULL, NULL, NULL, NULL, '386697204', '764552006', '2029-06-13', 0, 20, 2, 232),
(0, 'admin', '2023-06-24 23:48:28', NULL, NULL, NULL, NULL, '923702292', '971824971', '2029-06-13', 0, 23, 2, 233),
(0, 'admin', '2023-06-24 23:48:28', NULL, NULL, NULL, NULL, '606960880', '837966894', '2029-06-13', 1, NULL, 2, 234),
(0, 'admin', '2023-06-24 23:48:28', NULL, NULL, NULL, NULL, '746034198', '648460591', '2029-06-13', 1, NULL, 2, 235),
(0, 'admin', '2023-06-24 23:48:28', NULL, NULL, NULL, NULL, '744427918', '967639038', '2029-06-13', 1, NULL, 2, 236),
(0, 'admin', '2023-06-24 23:48:28', NULL, NULL, NULL, NULL, '414311344', '619169745', '2029-06-13', 1, NULL, 2, 237),
(0, 'admin', '2023-06-24 23:48:28', NULL, NULL, NULL, NULL, '996187026', '996266031', '2029-06-13', 1, NULL, 2, 238),
(0, 'admin', '2023-06-24 23:48:28', NULL, NULL, NULL, NULL, '942786986', '450435872', '2029-06-13', 1, NULL, 2, 239),
(0, 'admin', '2023-06-24 23:48:28', NULL, NULL, NULL, NULL, '854371798', '736928639', '2029-06-13', 1, NULL, 2, 240),
(0, 'admin', '2023-06-24 23:48:28', NULL, NULL, NULL, NULL, '811894336', '135065199', '2029-06-13', 1, NULL, 2, 241),
(0, 'admin', '2023-06-24 23:48:28', NULL, NULL, NULL, NULL, '158255384', '187890025', '2029-06-13', 1, NULL, 2, 242),
(0, 'admin', '2023-06-24 23:48:28', NULL, NULL, NULL, NULL, '395396061', '859632603', '2029-06-13', 1, NULL, 2, 243),
(0, 'admin', '2023-06-24 23:48:28', NULL, NULL, NULL, NULL, '324449404', '359102039', '2029-06-13', 1, NULL, 2, 244),
(0, 'admin', '2023-06-24 23:48:28', NULL, NULL, NULL, NULL, '538228722', '326225771', '2029-06-13', 1, NULL, 2, 245),
(0, 'admin', '2023-06-24 23:48:28', NULL, NULL, NULL, NULL, '104684646', '311809012', '2029-06-13', 1, NULL, 2, 246),
(0, 'admin', '2023-06-24 23:48:28', NULL, NULL, NULL, NULL, '332176491', '315020344', '2029-06-13', 1, NULL, 2, 247),
(0, 'admin', '2023-06-24 23:48:28', NULL, NULL, NULL, NULL, '459242162', '231501717', '2029-06-13', 1, NULL, 2, 248),
(0, 'admin', '2023-06-24 23:48:28', NULL, NULL, NULL, NULL, '397694908', '357359145', '2029-06-13', 1, NULL, 2, 249),
(0, 'admin', '2023-06-24 23:48:28', NULL, NULL, NULL, NULL, '328503107', '788656331', '2029-06-13', 1, NULL, 2, 250),
(0, 'admin', '2023-06-24 23:48:28', NULL, NULL, NULL, NULL, '650588376', '244431337', '2029-06-13', 1, NULL, 2, 251),
(0, 'admin', '2023-06-24 23:48:28', NULL, NULL, NULL, NULL, '682180408', '982549123', '2029-06-13', 1, NULL, 2, 252),
(0, 'admin', '2023-06-24 23:48:28', NULL, NULL, NULL, NULL, '485862051', '721320547', '2029-06-13', 1, NULL, 2, 253),
(0, 'admin', '2023-06-24 23:48:28', NULL, NULL, NULL, NULL, '140202484', '197038027', '2029-06-13', 1, NULL, 2, 254),
(0, 'admin', '2023-06-24 23:48:28', NULL, NULL, NULL, NULL, '883762452', '518549828', '2029-06-13', 1, NULL, 2, 255),
(0, 'admin', '2023-06-24 23:48:28', NULL, NULL, NULL, NULL, '525077341', '759741344', '2029-06-13', 1, NULL, 2, 256),
(0, 'admin', '2023-06-24 23:48:28', NULL, NULL, NULL, NULL, '639843192', '515629073', '2029-06-13', 1, NULL, 2, 257),
(0, 'admin', '2023-06-24 23:48:28', NULL, NULL, NULL, NULL, '495367933', '593622409', '2029-06-13', 1, NULL, 2, 258),
(0, 'admin', '2023-06-24 23:48:28', NULL, NULL, NULL, NULL, '385394713', '256684641', '2029-06-13', 1, NULL, 2, 259),
(0, 'admin', '2023-06-24 23:48:28', NULL, NULL, NULL, NULL, '872680993', '242198238', '2029-06-13', 1, NULL, 2, 260),
(0, 'admin', '2023-06-24 23:48:34', NULL, NULL, NULL, NULL, '766377531', '384003921', '2029-06-13', 0, 42, 3, 261),
(0, 'admin', '2023-06-24 23:48:34', NULL, NULL, NULL, NULL, '390510873', '651493848', '2029-06-13', 0, 43, 3, 262),
(0, 'admin', '2023-06-24 23:48:34', NULL, NULL, NULL, NULL, '168107493', '773333236', '2029-06-13', 1, NULL, 3, 263),
(0, 'admin', '2023-06-24 23:48:34', NULL, NULL, NULL, NULL, '462998710', '834838631', '2029-06-13', 1, NULL, 3, 264),
(0, 'admin', '2023-06-24 23:48:34', NULL, NULL, NULL, NULL, '517556224', '499351091', '2029-06-13', 1, NULL, 3, 265),
(0, 'admin', '2023-06-24 23:48:34', NULL, NULL, NULL, NULL, '587701619', '275258823', '2029-06-13', 1, NULL, 3, 266),
(0, 'admin', '2023-06-24 23:48:34', NULL, NULL, NULL, NULL, '569131988', '358683751', '2029-06-13', 1, NULL, 3, 267),
(0, 'admin', '2023-06-24 23:48:34', NULL, NULL, NULL, NULL, '346922286', '914007358', '2029-06-13', 1, NULL, 3, 268),
(0, 'admin', '2023-06-24 23:48:34', NULL, NULL, NULL, NULL, '618492210', '411569343', '2029-06-13', 1, NULL, 3, 269),
(0, 'admin', '2023-06-24 23:48:34', NULL, NULL, NULL, NULL, '552159186', '840471459', '2029-06-13', 1, NULL, 3, 270),
(0, 'admin', '2023-06-24 23:48:34', NULL, NULL, NULL, NULL, '102363590', '639663118', '2029-06-13', 1, NULL, 3, 271),
(0, 'admin', '2023-06-24 23:48:34', NULL, NULL, NULL, NULL, '517552821', '510431007', '2029-06-13', 1, NULL, 3, 272),
(0, 'admin', '2023-06-24 23:48:34', NULL, NULL, NULL, NULL, '547708104', '171946171', '2029-06-13', 1, NULL, 3, 273),
(0, 'admin', '2023-06-24 23:48:34', NULL, NULL, NULL, NULL, '191302349', '473312496', '2029-06-13', 1, NULL, 3, 274),
(0, 'admin', '2023-06-24 23:48:34', NULL, NULL, NULL, NULL, '162589335', '468212601', '2029-06-13', 1, NULL, 3, 275),
(0, 'admin', '2023-06-24 23:48:34', NULL, NULL, NULL, NULL, '279092395', '735658784', '2029-06-13', 1, NULL, 3, 276),
(0, 'admin', '2023-06-24 23:48:34', NULL, NULL, NULL, NULL, '536248288', '382940455', '2029-06-13', 1, NULL, 3, 277),
(0, 'admin', '2023-06-24 23:48:34', NULL, NULL, NULL, NULL, '829087566', '167191740', '2029-06-13', 1, NULL, 3, 278),
(0, 'admin', '2023-06-24 23:48:34', NULL, NULL, NULL, NULL, '501172784', '363779067', '2029-06-13', 1, NULL, 3, 279),
(0, 'admin', '2023-06-24 23:48:34', NULL, NULL, NULL, NULL, '298235415', '273190200', '2029-06-13', 1, NULL, 3, 280),
(0, 'admin', '2023-06-24 23:48:34', NULL, NULL, NULL, NULL, '548872046', '643077056', '2029-06-13', 1, NULL, 3, 281),
(0, 'admin', '2023-06-24 23:48:34', NULL, NULL, NULL, NULL, '691646526', '188249681', '2029-06-13', 1, NULL, 3, 282),
(0, 'admin', '2023-06-24 23:48:34', NULL, NULL, NULL, NULL, '996278688', '304587666', '2029-06-13', 1, NULL, 3, 283),
(0, 'admin', '2023-06-24 23:48:34', NULL, NULL, NULL, NULL, '517628447', '750448344', '2029-06-13', 1, NULL, 3, 284),
(0, 'admin', '2023-06-24 23:48:34', NULL, NULL, NULL, NULL, '703372732', '690826609', '2029-06-13', 1, NULL, 3, 285),
(0, 'admin', '2023-06-24 23:48:34', NULL, NULL, NULL, NULL, '600027681', '773874044', '2029-06-13', 1, NULL, 3, 286),
(0, 'admin', '2023-06-24 23:48:34', NULL, NULL, NULL, NULL, '926663495', '843337160', '2029-06-13', 1, NULL, 3, 287),
(0, 'admin', '2023-06-24 23:48:34', NULL, NULL, NULL, NULL, '290019397', '414180771', '2029-06-13', 1, NULL, 3, 288),
(0, 'admin', '2023-06-24 23:48:34', NULL, NULL, NULL, NULL, '678400199', '339382592', '2029-06-13', 1, NULL, 3, 289),
(0, 'admin', '2023-06-24 23:48:34', NULL, NULL, NULL, NULL, '432187312', '102044755', '2029-06-13', 1, NULL, 3, 290),
(0, 'admin', '2023-06-24 23:48:40', NULL, NULL, NULL, NULL, '415743061', '969399567', '2029-06-13', 1, NULL, 4, 291),
(0, 'admin', '2023-06-24 23:48:40', NULL, NULL, NULL, NULL, '711628828', '353566814', '2029-06-13', 1, NULL, 4, 292),
(0, 'admin', '2023-06-24 23:48:40', NULL, NULL, NULL, NULL, '322566893', '834261725', '2029-06-13', 1, NULL, 4, 293),
(0, 'admin', '2023-06-24 23:48:40', NULL, NULL, NULL, NULL, '969041899', '112926026', '2029-06-13', 1, NULL, 4, 294),
(0, 'admin', '2023-06-24 23:48:40', NULL, NULL, NULL, NULL, '994297645', '262850355', '2029-06-13', 1, NULL, 4, 295),
(0, 'admin', '2023-06-24 23:48:40', NULL, NULL, NULL, NULL, '584350675', '752860581', '2029-06-13', 1, NULL, 4, 296),
(0, 'admin', '2023-06-24 23:48:40', NULL, NULL, NULL, NULL, '138946657', '325153322', '2029-06-13', 1, NULL, 4, 297),
(0, 'admin', '2023-06-24 23:48:40', NULL, NULL, NULL, NULL, '243961935', '938361403', '2029-06-13', 1, NULL, 4, 298),
(0, 'admin', '2023-06-24 23:48:40', NULL, NULL, NULL, NULL, '625171762', '608943328', '2029-06-13', 1, NULL, 4, 299),
(0, 'admin', '2023-06-24 23:48:40', NULL, NULL, NULL, NULL, '349573231', '638631880', '2029-06-13', 1, NULL, 4, 300),
(0, 'admin', '2023-06-24 23:48:40', NULL, NULL, NULL, NULL, '361275179', '604969992', '2029-06-13', 1, NULL, 4, 301),
(0, 'admin', '2023-06-24 23:48:40', NULL, NULL, NULL, NULL, '979165024', '281231000', '2029-06-13', 1, NULL, 4, 302),
(0, 'admin', '2023-06-24 23:48:40', NULL, NULL, NULL, NULL, '390677851', '481491691', '2029-06-13', 1, NULL, 4, 303),
(0, 'admin', '2023-06-24 23:48:40', NULL, NULL, NULL, NULL, '690392072', '365672516', '2029-06-13', 1, NULL, 4, 304),
(0, 'admin', '2023-06-24 23:48:40', NULL, NULL, NULL, NULL, '141440410', '447215064', '2029-06-13', 1, NULL, 4, 305),
(0, 'admin', '2023-06-24 23:48:40', NULL, NULL, NULL, NULL, '747764416', '866511084', '2029-06-13', 1, NULL, 4, 306),
(0, 'admin', '2023-06-24 23:48:40', NULL, NULL, NULL, NULL, '183596975', '851034611', '2029-06-13', 1, NULL, 4, 307),
(0, 'admin', '2023-06-24 23:48:40', NULL, NULL, NULL, NULL, '204860697', '801037806', '2029-06-13', 1, NULL, 4, 308),
(0, 'admin', '2023-06-24 23:48:40', NULL, NULL, NULL, NULL, '514049384', '551552238', '2029-06-13', 1, NULL, 4, 309),
(0, 'admin', '2023-06-24 23:48:40', NULL, NULL, NULL, NULL, '631727908', '294806403', '2029-06-13', 1, NULL, 4, 310),
(0, 'admin', '2023-06-24 23:48:40', NULL, NULL, NULL, NULL, '249688913', '976571358', '2029-06-13', 1, NULL, 4, 311),
(0, 'admin', '2023-06-24 23:48:40', NULL, NULL, NULL, NULL, '266401004', '297127075', '2029-06-13', 1, NULL, 4, 312),
(0, 'admin', '2023-06-24 23:48:40', NULL, NULL, NULL, NULL, '692980794', '591893865', '2029-06-13', 1, NULL, 4, 313),
(0, 'admin', '2023-06-24 23:48:40', NULL, NULL, NULL, NULL, '711736542', '966862531', '2029-06-13', 1, NULL, 4, 314),
(0, 'admin', '2023-06-24 23:48:40', NULL, NULL, NULL, NULL, '600571538', '427406503', '2029-06-13', 1, NULL, 4, 315),
(0, 'admin', '2023-06-24 23:48:40', NULL, NULL, NULL, NULL, '609399259', '607529513', '2029-06-13', 1, NULL, 4, 316),
(0, 'admin', '2023-06-24 23:48:40', NULL, NULL, NULL, NULL, '604923129', '511905237', '2029-06-13', 1, NULL, 4, 317),
(0, 'admin', '2023-06-24 23:48:40', NULL, NULL, NULL, NULL, '820145001', '539140473', '2029-06-13', 1, NULL, 4, 318),
(0, 'admin', '2023-06-24 23:48:40', NULL, NULL, NULL, NULL, '712350932', '382937395', '2029-06-13', 1, NULL, 4, 319),
(0, 'admin', '2023-06-24 23:48:40', NULL, NULL, NULL, NULL, '946376669', '677044655', '2029-06-13', 1, NULL, 4, 320),
(0, 'admin', '2023-06-24 23:48:44', NULL, NULL, NULL, NULL, '876094827', '109628475', '2029-06-13', 0, 4, 5, 321),
(0, 'admin', '2023-06-24 23:48:44', NULL, NULL, NULL, NULL, '846651542', '213031589', '2029-06-13', 0, 5, 5, 322),
(0, 'admin', '2023-06-24 23:48:44', NULL, NULL, NULL, NULL, '790114056', '731941152', '2029-06-13', 0, 5, 5, 323),
(0, 'admin', '2023-06-24 23:48:44', NULL, NULL, NULL, NULL, '282838443', '839246978', '2029-06-13', 0, 17, 5, 324),
(0, 'admin', '2023-06-24 23:48:44', NULL, NULL, NULL, NULL, '908953099', '397161970', '2029-06-13', 0, 25, 5, 325),
(0, 'admin', '2023-06-24 23:48:44', NULL, NULL, NULL, NULL, '822355315', '899375219', '2029-06-13', 0, 25, 5, 326),
(0, 'admin', '2023-06-24 23:48:44', NULL, NULL, NULL, NULL, '975562374', '456138091', '2029-06-13', 0, 40, 5, 327),
(0, 'admin', '2023-06-24 23:48:44', NULL, NULL, NULL, NULL, '368822384', '645080436', '2029-06-13', 0, 41, 5, 328),
(0, 'admin', '2023-06-24 23:48:44', NULL, NULL, NULL, NULL, '707342933', '808372017', '2029-06-13', 1, NULL, 5, 329),
(0, 'admin', '2023-06-24 23:48:44', NULL, NULL, NULL, NULL, '145928905', '446480388', '2029-06-13', 1, NULL, 5, 330),
(0, 'admin', '2023-06-24 23:48:44', NULL, NULL, NULL, NULL, '313265651', '609793317', '2029-06-13', 1, NULL, 5, 331),
(0, 'admin', '2023-06-24 23:48:44', NULL, NULL, NULL, NULL, '512735341', '870818211', '2029-06-13', 1, NULL, 5, 332),
(0, 'admin', '2023-06-24 23:48:44', NULL, NULL, NULL, NULL, '489011312', '642780498', '2029-06-13', 1, NULL, 5, 333),
(0, 'admin', '2023-06-24 23:48:44', NULL, NULL, NULL, NULL, '509659407', '711033372', '2029-06-13', 1, NULL, 5, 334),
(0, 'admin', '2023-06-24 23:48:44', NULL, NULL, NULL, NULL, '455701688', '458059305', '2029-06-13', 1, NULL, 5, 335),
(0, 'admin', '2023-06-24 23:48:44', NULL, NULL, NULL, NULL, '183740454', '688846245', '2029-06-13', 1, NULL, 5, 336),
(0, 'admin', '2023-06-24 23:48:44', NULL, NULL, NULL, NULL, '961932820', '220246810', '2029-06-13', 1, NULL, 5, 337),
(0, 'admin', '2023-06-24 23:48:44', NULL, NULL, NULL, NULL, '842273205', '568847110', '2029-06-13', 1, NULL, 5, 338),
(0, 'admin', '2023-06-24 23:48:44', NULL, NULL, NULL, NULL, '757386190', '880276286', '2029-06-13', 1, NULL, 5, 339),
(0, 'admin', '2023-06-24 23:48:44', NULL, NULL, NULL, NULL, '871721007', '355124644', '2029-06-13', 1, NULL, 5, 340),
(0, 'admin', '2023-06-24 23:48:44', NULL, NULL, NULL, NULL, '738755293', '469214527', '2029-06-13', 1, NULL, 5, 341),
(0, 'admin', '2023-06-24 23:48:44', NULL, NULL, NULL, NULL, '784734174', '352414763', '2029-06-13', 1, NULL, 5, 342),
(0, 'admin', '2023-06-24 23:48:44', NULL, NULL, NULL, NULL, '793145651', '216327947', '2029-06-13', 1, NULL, 5, 343),
(0, 'admin', '2023-06-24 23:48:44', NULL, NULL, NULL, NULL, '153360340', '501484873', '2029-06-13', 1, NULL, 5, 344),
(0, 'admin', '2023-06-24 23:48:44', NULL, NULL, NULL, NULL, '832552365', '792947824', '2029-06-13', 1, NULL, 5, 345),
(0, 'admin', '2023-06-24 23:48:44', NULL, NULL, NULL, NULL, '826133880', '486210592', '2029-06-13', 1, NULL, 5, 346),
(0, 'admin', '2023-06-24 23:48:44', NULL, NULL, NULL, NULL, '238945020', '745461959', '2029-06-13', 1, NULL, 5, 347),
(0, 'admin', '2023-06-24 23:48:44', NULL, NULL, NULL, NULL, '493887739', '179466982', '2029-06-13', 1, NULL, 5, 348),
(0, 'admin', '2023-06-24 23:48:44', NULL, NULL, NULL, NULL, '592922928', '734627503', '2029-06-13', 1, NULL, 5, 349),
(0, 'admin', '2023-06-24 23:48:44', NULL, NULL, NULL, NULL, '841280273', '750796748', '2029-06-13', 1, NULL, 5, 350),
(0, 'admin', '2023-06-24 23:48:49', NULL, NULL, NULL, NULL, '738783810', '835164968', '2029-06-13', 0, 16, 6, 351),
(0, 'admin', '2023-06-24 23:48:49', NULL, NULL, NULL, NULL, '528775157', '966658876', '2029-06-13', 0, 16, 6, 352),
(0, 'admin', '2023-06-24 23:48:49', NULL, NULL, NULL, NULL, '783134038', '809328792', '2029-06-13', 0, 16, 6, 353),
(0, 'admin', '2023-06-24 23:48:49', NULL, NULL, NULL, NULL, '587907699', '302940787', '2029-06-13', 1, NULL, 6, 354),
(0, 'admin', '2023-06-24 23:48:49', NULL, NULL, NULL, NULL, '661666356', '447567162', '2029-06-13', 1, NULL, 6, 355),
(0, 'admin', '2023-06-24 23:48:49', NULL, NULL, NULL, NULL, '670094772', '393306909', '2029-06-13', 1, NULL, 6, 356),
(0, 'admin', '2023-06-24 23:48:49', NULL, NULL, NULL, NULL, '105339801', '567418352', '2029-06-13', 1, NULL, 6, 357),
(0, 'admin', '2023-06-24 23:48:49', NULL, NULL, NULL, NULL, '316604147', '148803717', '2029-06-13', 1, NULL, 6, 358),
(0, 'admin', '2023-06-24 23:48:49', NULL, NULL, NULL, NULL, '481097755', '227206156', '2029-06-13', 1, NULL, 6, 359),
(0, 'admin', '2023-06-24 23:48:49', NULL, NULL, NULL, NULL, '593826624', '568513205', '2029-06-13', 1, NULL, 6, 360),
(0, 'admin', '2023-06-24 23:48:49', NULL, NULL, NULL, NULL, '564980824', '555205593', '2029-06-13', 1, NULL, 6, 361),
(0, 'admin', '2023-06-24 23:48:49', NULL, NULL, NULL, NULL, '669918572', '449418830', '2029-06-13', 1, NULL, 6, 362),
(0, 'admin', '2023-06-24 23:48:49', NULL, NULL, NULL, NULL, '188543990', '681185476', '2029-06-13', 1, NULL, 6, 363),
(0, 'admin', '2023-06-24 23:48:49', NULL, NULL, NULL, NULL, '337286349', '703218773', '2029-06-13', 1, NULL, 6, 364),
(0, 'admin', '2023-06-24 23:48:49', NULL, NULL, NULL, NULL, '101169234', '369330190', '2029-06-13', 1, NULL, 6, 365),
(0, 'admin', '2023-06-24 23:48:49', NULL, NULL, NULL, NULL, '479561915', '277992593', '2029-06-13', 1, NULL, 6, 366),
(0, 'admin', '2023-06-24 23:48:49', NULL, NULL, NULL, NULL, '297330147', '548874813', '2029-06-13', 1, NULL, 6, 367),
(0, 'admin', '2023-06-24 23:48:49', NULL, NULL, NULL, NULL, '462214461', '294385318', '2029-06-13', 1, NULL, 6, 368),
(0, 'admin', '2023-06-24 23:48:49', NULL, NULL, NULL, NULL, '461034138', '227134520', '2029-06-13', 1, NULL, 6, 369),
(0, 'admin', '2023-06-24 23:48:49', NULL, NULL, NULL, NULL, '178978198', '894426711', '2029-06-13', 1, NULL, 6, 370),
(0, 'admin', '2023-06-24 23:48:49', NULL, NULL, NULL, NULL, '840636665', '872483680', '2029-06-13', 1, NULL, 6, 371),
(0, 'admin', '2023-06-24 23:48:49', NULL, NULL, NULL, NULL, '783455894', '378019740', '2029-06-13', 1, NULL, 6, 372),
(0, 'admin', '2023-06-24 23:48:49', NULL, NULL, NULL, NULL, '916139978', '120389286', '2029-06-13', 1, NULL, 6, 373),
(0, 'admin', '2023-06-24 23:48:49', NULL, NULL, NULL, NULL, '419901984', '389311950', '2029-06-13', 1, NULL, 6, 374),
(0, 'admin', '2023-06-24 23:48:49', NULL, NULL, NULL, NULL, '733514857', '176826288', '2029-06-13', 1, NULL, 6, 375),
(0, 'admin', '2023-06-24 23:48:49', NULL, NULL, NULL, NULL, '272473566', '262800000', '2029-06-13', 1, NULL, 6, 376),
(0, 'admin', '2023-06-24 23:48:49', NULL, NULL, NULL, NULL, '282206879', '972996875', '2029-06-13', 1, NULL, 6, 377),
(0, 'admin', '2023-06-24 23:48:49', NULL, NULL, NULL, NULL, '264581707', '292872130', '2029-06-13', 1, NULL, 6, 378),
(0, 'admin', '2023-06-24 23:48:49', NULL, NULL, NULL, NULL, '972512535', '361746644', '2029-06-13', 1, NULL, 6, 379),
(0, 'admin', '2023-06-24 23:48:49', NULL, NULL, NULL, NULL, '638427245', '877849236', '2029-06-13', 1, NULL, 6, 380),
(0, 'admin', '2023-06-24 23:48:54', NULL, NULL, NULL, NULL, '241832791', '429203602', '2029-06-13', 0, 29, 7, 381),
(0, 'admin', '2023-06-24 23:48:54', NULL, NULL, NULL, NULL, '200547850', '944128615', '2029-06-13', 1, NULL, 7, 382),
(0, 'admin', '2023-06-24 23:48:54', NULL, NULL, NULL, NULL, '125391277', '706109390', '2029-06-13', 1, NULL, 7, 383),
(0, 'admin', '2023-06-24 23:48:54', NULL, NULL, NULL, NULL, '386203786', '965618956', '2029-06-13', 1, NULL, 7, 384),
(0, 'admin', '2023-06-24 23:48:54', NULL, NULL, NULL, NULL, '696548075', '548932193', '2029-06-13', 1, NULL, 7, 385),
(0, 'admin', '2023-06-24 23:48:54', NULL, NULL, NULL, NULL, '844631247', '601499016', '2029-06-13', 1, NULL, 7, 386),
(0, 'admin', '2023-06-24 23:48:54', NULL, NULL, NULL, NULL, '268136783', '667690401', '2029-06-13', 1, NULL, 7, 387),
(0, 'admin', '2023-06-24 23:48:54', NULL, NULL, NULL, NULL, '632284006', '654156247', '2029-06-13', 1, NULL, 7, 388),
(0, 'admin', '2023-06-24 23:48:54', NULL, NULL, NULL, NULL, '438753206', '949649004', '2029-06-13', 1, NULL, 7, 389),
(0, 'admin', '2023-06-24 23:48:54', NULL, NULL, NULL, NULL, '102424642', '276791997', '2029-06-13', 1, NULL, 7, 390),
(0, 'admin', '2023-06-24 23:48:54', NULL, NULL, NULL, NULL, '918741152', '848274225', '2029-06-13', 1, NULL, 7, 391),
(0, 'admin', '2023-06-24 23:48:54', NULL, NULL, NULL, NULL, '792527630', '770528748', '2029-06-13', 1, NULL, 7, 392),
(0, 'admin', '2023-06-24 23:48:54', NULL, NULL, NULL, NULL, '284011086', '982350374', '2029-06-13', 1, NULL, 7, 393),
(0, 'admin', '2023-06-24 23:48:54', NULL, NULL, NULL, NULL, '460098713', '955878111', '2029-06-13', 1, NULL, 7, 394),
(0, 'admin', '2023-06-24 23:48:54', NULL, NULL, NULL, NULL, '537233593', '840014749', '2029-06-13', 1, NULL, 7, 395),
(0, 'admin', '2023-06-24 23:48:54', NULL, NULL, NULL, NULL, '766775009', '196137005', '2029-06-13', 1, NULL, 7, 396),
(0, 'admin', '2023-06-24 23:48:54', NULL, NULL, NULL, NULL, '155296493', '196478512', '2029-06-13', 1, NULL, 7, 397),
(0, 'admin', '2023-06-24 23:48:54', NULL, NULL, NULL, NULL, '891266152', '285143105', '2029-06-13', 1, NULL, 7, 398),
(0, 'admin', '2023-06-24 23:48:54', NULL, NULL, NULL, NULL, '915569158', '266234084', '2029-06-13', 1, NULL, 7, 399),
(0, 'admin', '2023-06-24 23:48:54', NULL, NULL, NULL, NULL, '911146585', '814749590', '2029-06-13', 1, NULL, 7, 400),
(0, 'admin', '2023-06-24 23:48:54', NULL, NULL, NULL, NULL, '243095947', '400176059', '2029-06-13', 1, NULL, 7, 401),
(0, 'admin', '2023-06-24 23:48:54', NULL, NULL, NULL, NULL, '589360122', '567568337', '2029-06-13', 1, NULL, 7, 402),
(0, 'admin', '2023-06-24 23:48:54', NULL, NULL, NULL, NULL, '898040464', '511324450', '2029-06-13', 1, NULL, 7, 403),
(0, 'admin', '2023-06-24 23:48:54', NULL, NULL, NULL, NULL, '104159150', '290135514', '2029-06-13', 1, NULL, 7, 404),
(0, 'admin', '2023-06-24 23:48:54', NULL, NULL, NULL, NULL, '368760134', '170155592', '2029-06-13', 1, NULL, 7, 405),
(0, 'admin', '2023-06-24 23:48:54', NULL, NULL, NULL, NULL, '598505247', '775452059', '2029-06-13', 1, NULL, 7, 406),
(0, 'admin', '2023-06-24 23:48:54', NULL, NULL, NULL, NULL, '788101243', '408865792', '2029-06-13', 1, NULL, 7, 407),
(0, 'admin', '2023-06-24 23:48:54', NULL, NULL, NULL, NULL, '407262169', '857667308', '2029-06-13', 1, NULL, 7, 408),
(0, 'admin', '2023-06-24 23:48:54', NULL, NULL, NULL, NULL, '169348188', '912688233', '2029-06-13', 1, NULL, 7, 409),
(0, 'admin', '2023-06-24 23:48:54', NULL, NULL, NULL, NULL, '925305841', '587487289', '2029-06-13', 1, NULL, 7, 410),
(0, 'admin', '2023-06-24 23:49:00', NULL, NULL, NULL, NULL, '104769864', '701698589', '2029-06-13', 1, NULL, 8, 411),
(0, 'admin', '2023-06-24 23:49:00', NULL, NULL, NULL, NULL, '176346647', '335719654', '2029-06-13', 1, NULL, 8, 412),
(0, 'admin', '2023-06-24 23:49:00', NULL, NULL, NULL, NULL, '738238978', '244463230', '2029-06-13', 1, NULL, 8, 413),
(0, 'admin', '2023-06-24 23:49:00', NULL, NULL, NULL, NULL, '560367808', '842018935', '2029-06-13', 1, NULL, 8, 414),
(0, 'admin', '2023-06-24 23:49:00', NULL, NULL, NULL, NULL, '978040424', '483206036', '2029-06-13', 1, NULL, 8, 415),
(0, 'admin', '2023-06-24 23:49:00', NULL, NULL, NULL, NULL, '982348688', '694517015', '2029-06-13', 1, NULL, 8, 416),
(0, 'admin', '2023-06-24 23:49:00', NULL, NULL, NULL, NULL, '898910643', '913772836', '2029-06-13', 1, NULL, 8, 417),
(0, 'admin', '2023-06-24 23:49:00', NULL, NULL, NULL, NULL, '780753002', '236510789', '2029-06-13', 1, NULL, 8, 418),
(0, 'admin', '2023-06-24 23:49:00', NULL, NULL, NULL, NULL, '996139074', '500690788', '2029-06-13', 1, NULL, 8, 419),
(0, 'admin', '2023-06-24 23:49:00', NULL, NULL, NULL, NULL, '568518250', '475198319', '2029-06-13', 1, NULL, 8, 420),
(0, 'admin', '2023-06-24 23:49:00', NULL, NULL, NULL, NULL, '528101398', '934300123', '2029-06-13', 1, NULL, 8, 421),
(0, 'admin', '2023-06-24 23:49:00', NULL, NULL, NULL, NULL, '895674143', '467193745', '2029-06-13', 1, NULL, 8, 422),
(0, 'admin', '2023-06-24 23:49:00', NULL, NULL, NULL, NULL, '984428500', '347612901', '2029-06-13', 1, NULL, 8, 423),
(0, 'admin', '2023-06-24 23:49:00', NULL, NULL, NULL, NULL, '837779588', '892358566', '2029-06-13', 1, NULL, 8, 424),
(0, 'admin', '2023-06-24 23:49:00', NULL, NULL, NULL, NULL, '355201588', '711249388', '2029-06-13', 1, NULL, 8, 425),
(0, 'admin', '2023-06-24 23:49:00', NULL, NULL, NULL, NULL, '299113582', '672808620', '2029-06-13', 1, NULL, 8, 426),
(0, 'admin', '2023-06-24 23:49:00', NULL, NULL, NULL, NULL, '825924399', '645608653', '2029-06-13', 1, NULL, 8, 427),
(0, 'admin', '2023-06-24 23:49:00', NULL, NULL, NULL, NULL, '646530666', '972575427', '2029-06-13', 1, NULL, 8, 428),
(0, 'admin', '2023-06-24 23:49:00', NULL, NULL, NULL, NULL, '667295681', '386776648', '2029-06-13', 1, NULL, 8, 429),
(0, 'admin', '2023-06-24 23:49:00', NULL, NULL, NULL, NULL, '894774339', '522126900', '2029-06-13', 1, NULL, 8, 430),
(0, 'admin', '2023-06-24 23:49:00', NULL, NULL, NULL, NULL, '430921254', '530810443', '2029-06-13', 1, NULL, 8, 431),
(0, 'admin', '2023-06-24 23:49:00', NULL, NULL, NULL, NULL, '591804283', '951082417', '2029-06-13', 1, NULL, 8, 432),
(0, 'admin', '2023-06-24 23:49:00', NULL, NULL, NULL, NULL, '158206527', '436721144', '2029-06-13', 1, NULL, 8, 433),
(0, 'admin', '2023-06-24 23:49:00', NULL, NULL, NULL, NULL, '858641633', '958283002', '2029-06-13', 1, NULL, 8, 434),
(0, 'admin', '2023-06-24 23:49:00', NULL, NULL, NULL, NULL, '161930311', '931961296', '2029-06-13', 1, NULL, 8, 435),
(0, 'admin', '2023-06-24 23:49:00', NULL, NULL, NULL, NULL, '185111124', '349431480', '2029-06-13', 1, NULL, 8, 436),
(0, 'admin', '2023-06-24 23:49:00', NULL, NULL, NULL, NULL, '395040466', '382645892', '2029-06-13', 1, NULL, 8, 437),
(0, 'admin', '2023-06-24 23:49:00', NULL, NULL, NULL, NULL, '958945345', '761438497', '2029-06-13', 1, NULL, 8, 438),
(0, 'admin', '2023-06-24 23:49:00', NULL, NULL, NULL, NULL, '972501070', '936688679', '2029-06-13', 1, NULL, 8, 439),
(0, 'admin', '2023-06-24 23:49:00', NULL, NULL, NULL, NULL, '488089664', '399215620', '2029-06-13', 1, NULL, 8, 440),
(0, 'admin', '2023-06-24 23:49:07', NULL, NULL, NULL, NULL, '730719404', '226323369', '2029-06-13', 0, 3, 9, 441),
(0, 'admin', '2023-06-24 23:49:07', NULL, NULL, NULL, NULL, '650350183', '171175320', '2029-06-13', 1, NULL, 9, 442),
(0, 'admin', '2023-06-24 23:49:07', NULL, NULL, NULL, NULL, '652896772', '615755939', '2029-06-13', 1, NULL, 9, 443),
(0, 'admin', '2023-06-24 23:49:07', NULL, NULL, NULL, NULL, '708266362', '663952385', '2029-06-13', 1, NULL, 9, 444),
(0, 'admin', '2023-06-24 23:49:07', NULL, NULL, NULL, NULL, '477895211', '907805998', '2029-06-13', 1, NULL, 9, 445),
(0, 'admin', '2023-06-24 23:49:07', NULL, NULL, NULL, NULL, '217743012', '900420139', '2029-06-13', 1, NULL, 9, 446),
(0, 'admin', '2023-06-24 23:49:07', NULL, NULL, NULL, NULL, '164241312', '265242970', '2029-06-13', 1, NULL, 9, 447),
(0, 'admin', '2023-06-24 23:49:07', NULL, NULL, NULL, NULL, '631680483', '488915449', '2029-06-13', 1, NULL, 9, 448),
(0, 'admin', '2023-06-24 23:49:07', NULL, NULL, NULL, NULL, '735859376', '796778939', '2029-06-13', 1, NULL, 9, 449),
(0, 'admin', '2023-06-24 23:49:07', NULL, NULL, NULL, NULL, '432313080', '908305598', '2029-06-13', 1, NULL, 9, 450),
(0, 'admin', '2023-06-24 23:49:07', NULL, NULL, NULL, NULL, '256283141', '246522008', '2029-06-13', 1, NULL, 9, 451),
(0, 'admin', '2023-06-24 23:49:07', NULL, NULL, NULL, NULL, '906488487', '838394136', '2029-06-13', 1, NULL, 9, 452),
(0, 'admin', '2023-06-24 23:49:07', NULL, NULL, NULL, NULL, '721913330', '632730581', '2029-06-13', 1, NULL, 9, 453),
(0, 'admin', '2023-06-24 23:49:07', NULL, NULL, NULL, NULL, '868274751', '315114585', '2029-06-13', 1, NULL, 9, 454),
(0, 'admin', '2023-06-24 23:49:07', NULL, NULL, NULL, NULL, '392106942', '275718719', '2029-06-13', 1, NULL, 9, 455),
(0, 'admin', '2023-06-24 23:49:07', NULL, NULL, NULL, NULL, '744848190', '905214731', '2029-06-13', 1, NULL, 9, 456),
(0, 'admin', '2023-06-24 23:49:07', NULL, NULL, NULL, NULL, '773468868', '407633641', '2029-06-13', 1, NULL, 9, 457),
(0, 'admin', '2023-06-24 23:49:07', NULL, NULL, NULL, NULL, '893239755', '987647935', '2029-06-13', 1, NULL, 9, 458),
(0, 'admin', '2023-06-24 23:49:07', NULL, NULL, NULL, NULL, '542279323', '872828547', '2029-06-13', 1, NULL, 9, 459),
(0, 'admin', '2023-06-24 23:49:07', NULL, NULL, NULL, NULL, '209080690', '950272252', '2029-06-13', 1, NULL, 9, 460),
(0, 'admin', '2023-06-24 23:49:07', NULL, NULL, NULL, NULL, '352945858', '443816663', '2029-06-13', 1, NULL, 9, 461),
(0, 'admin', '2023-06-24 23:49:07', NULL, NULL, NULL, NULL, '486077213', '896029498', '2029-06-13', 1, NULL, 9, 462),
(0, 'admin', '2023-06-24 23:49:07', NULL, NULL, NULL, NULL, '185290051', '722968343', '2029-06-13', 1, NULL, 9, 463),
(0, 'admin', '2023-06-24 23:49:07', NULL, NULL, NULL, NULL, '216287534', '200655895', '2029-06-13', 1, NULL, 9, 464),
(0, 'admin', '2023-06-24 23:49:07', NULL, NULL, NULL, NULL, '209734845', '911100626', '2029-06-13', 1, NULL, 9, 465),
(0, 'admin', '2023-06-24 23:49:07', NULL, NULL, NULL, NULL, '294465185', '695540313', '2029-06-13', 1, NULL, 9, 466),
(0, 'admin', '2023-06-24 23:49:07', NULL, NULL, NULL, NULL, '798302785', '979551773', '2029-06-13', 1, NULL, 9, 467),
(0, 'admin', '2023-06-24 23:49:07', NULL, NULL, NULL, NULL, '292806950', '236232148', '2029-06-13', 1, NULL, 9, 468),
(0, 'admin', '2023-06-24 23:49:07', NULL, NULL, NULL, NULL, '553467566', '167468099', '2029-06-13', 1, NULL, 9, 469),
(0, 'admin', '2023-06-24 23:49:07', NULL, NULL, NULL, NULL, '275965098', '176045489', '2029-06-13', 1, NULL, 9, 470),
(0, 'admin', '2023-06-24 23:49:13', NULL, NULL, NULL, NULL, '938039247', '433642558', '2029-06-13', 0, 21, 10, 471),
(0, 'admin', '2023-06-24 23:49:13', NULL, NULL, NULL, NULL, '580972262', '923041513', '2029-06-13', 1, NULL, 10, 472),
(0, 'admin', '2023-06-24 23:49:13', NULL, NULL, NULL, NULL, '405876438', '235041077', '2029-06-13', 1, NULL, 10, 473),
(0, 'admin', '2023-06-24 23:49:13', NULL, NULL, NULL, NULL, '408339757', '979033154', '2029-06-13', 1, NULL, 10, 474),
(0, 'admin', '2023-06-24 23:49:13', NULL, NULL, NULL, NULL, '486536567', '940252723', '2029-06-13', 1, NULL, 10, 475),
(0, 'admin', '2023-06-24 23:49:13', NULL, NULL, NULL, NULL, '128403330', '381672364', '2029-06-13', 1, NULL, 10, 476),
(0, 'admin', '2023-06-24 23:49:13', NULL, NULL, NULL, NULL, '445119223', '668686176', '2029-06-13', 1, NULL, 10, 477),
(0, 'admin', '2023-06-24 23:49:13', NULL, NULL, NULL, NULL, '774685306', '604049208', '2029-06-13', 1, NULL, 10, 478),
(0, 'admin', '2023-06-24 23:49:13', NULL, NULL, NULL, NULL, '424604858', '554908569', '2029-06-13', 1, NULL, 10, 479),
(0, 'admin', '2023-06-24 23:49:13', NULL, NULL, NULL, NULL, '661926482', '950115268', '2029-06-13', 1, NULL, 10, 480),
(0, 'admin', '2023-06-24 23:49:13', NULL, NULL, NULL, NULL, '414275669', '182741699', '2029-06-13', 1, NULL, 10, 481),
(0, 'admin', '2023-06-24 23:49:13', NULL, NULL, NULL, NULL, '346423198', '832564454', '2029-06-13', 1, NULL, 10, 482),
(0, 'admin', '2023-06-24 23:49:13', NULL, NULL, NULL, NULL, '726815984', '806033276', '2029-06-13', 1, NULL, 10, 483),
(0, 'admin', '2023-06-24 23:49:13', NULL, NULL, NULL, NULL, '309291430', '399270992', '2029-06-13', 1, NULL, 10, 484),
(0, 'admin', '2023-06-24 23:49:13', NULL, NULL, NULL, NULL, '650562813', '245157126', '2029-06-13', 1, NULL, 10, 485),
(0, 'admin', '2023-06-24 23:49:13', NULL, NULL, NULL, NULL, '996979517', '119803551', '2029-06-13', 1, NULL, 10, 486),
(0, 'admin', '2023-06-24 23:49:13', NULL, NULL, NULL, NULL, '558465252', '552572119', '2029-06-13', 1, NULL, 10, 487),
(0, 'admin', '2023-06-24 23:49:13', NULL, NULL, NULL, NULL, '235386112', '159362008', '2029-06-13', 1, NULL, 10, 488),
(0, 'admin', '2023-06-24 23:49:13', NULL, NULL, NULL, NULL, '617029325', '278356278', '2029-06-13', 1, NULL, 10, 489),
(0, 'admin', '2023-06-24 23:49:13', NULL, NULL, NULL, NULL, '650732372', '705908284', '2029-06-13', 1, NULL, 10, 490),
(0, 'admin', '2023-06-24 23:49:13', NULL, NULL, NULL, NULL, '324132658', '337472932', '2029-06-13', 1, NULL, 10, 491),
(0, 'admin', '2023-06-24 23:49:13', NULL, NULL, NULL, NULL, '736289033', '878799727', '2029-06-13', 1, NULL, 10, 492),
(0, 'admin', '2023-06-24 23:49:13', NULL, NULL, NULL, NULL, '898053238', '706631460', '2029-06-13', 1, NULL, 10, 493),
(0, 'admin', '2023-06-24 23:49:13', NULL, NULL, NULL, NULL, '838847447', '397468962', '2029-06-13', 1, NULL, 10, 494),
(0, 'admin', '2023-06-24 23:49:13', NULL, NULL, NULL, NULL, '260764244', '927554556', '2029-06-13', 1, NULL, 10, 495),
(0, 'admin', '2023-06-24 23:49:13', NULL, NULL, NULL, NULL, '696857938', '249744368', '2029-06-13', 1, NULL, 10, 496),
(0, 'admin', '2023-06-24 23:49:13', NULL, NULL, NULL, NULL, '610631320', '655046327', '2029-06-13', 1, NULL, 10, 497),
(0, 'admin', '2023-06-24 23:49:13', NULL, NULL, NULL, NULL, '860389574', '653812552', '2029-06-13', 1, NULL, 10, 498),
(0, 'admin', '2023-06-24 23:49:13', NULL, NULL, NULL, NULL, '821312657', '636059597', '2029-06-13', 1, NULL, 10, 499),
(0, 'admin', '2023-06-24 23:49:13', NULL, NULL, NULL, NULL, '857841226', '735990699', '2029-06-13', 1, NULL, 10, 500),
(0, 'admin', '2023-06-24 23:49:28', NULL, NULL, NULL, NULL, '527438098', '412234590', '2029-06-13', 1, NULL, 11, 501),
(0, 'admin', '2023-06-24 23:49:28', NULL, NULL, NULL, NULL, '568132379', '616979383', '2029-06-13', 1, NULL, 11, 502),
(0, 'admin', '2023-06-24 23:49:28', NULL, NULL, NULL, NULL, '114408823', '842038412', '2029-06-13', 1, NULL, 11, 503),
(0, 'admin', '2023-06-24 23:49:28', NULL, NULL, NULL, NULL, '263953628', '616824052', '2029-06-13', 1, NULL, 11, 504),
(0, 'admin', '2023-06-24 23:49:28', NULL, NULL, NULL, NULL, '839094705', '279274136', '2029-06-13', 1, NULL, 11, 505),
(0, 'admin', '2023-06-24 23:49:28', NULL, NULL, NULL, NULL, '667567716', '488406620', '2029-06-13', 1, NULL, 11, 506),
(0, 'admin', '2023-06-24 23:49:28', NULL, NULL, NULL, NULL, '462650851', '770820837', '2029-06-13', 1, NULL, 11, 507),
(0, 'admin', '2023-06-24 23:49:28', NULL, NULL, NULL, NULL, '556940975', '269326811', '2029-06-13', 1, NULL, 11, 508),
(0, 'admin', '2023-06-24 23:49:28', NULL, NULL, NULL, NULL, '715148231', '182864312', '2029-06-13', 1, NULL, 11, 509),
(0, 'admin', '2023-06-24 23:49:28', NULL, NULL, NULL, NULL, '196970086', '482848223', '2029-06-13', 1, NULL, 11, 510),
(0, 'admin', '2023-06-24 23:49:28', NULL, NULL, NULL, NULL, '145050771', '197209398', '2029-06-13', 1, NULL, 11, 511),
(0, 'admin', '2023-06-24 23:49:28', NULL, NULL, NULL, NULL, '774498378', '673158480', '2029-06-13', 1, NULL, 11, 512),
(0, 'admin', '2023-06-24 23:49:28', NULL, NULL, NULL, NULL, '660864452', '797147748', '2029-06-13', 1, NULL, 11, 513),
(0, 'admin', '2023-06-24 23:49:28', NULL, NULL, NULL, NULL, '102349669', '291609968', '2029-06-13', 1, NULL, 11, 514),
(0, 'admin', '2023-06-24 23:49:28', NULL, NULL, NULL, NULL, '389466013', '456094312', '2029-06-13', 1, NULL, 11, 515),
(0, 'admin', '2023-06-24 23:49:28', NULL, NULL, NULL, NULL, '452189861', '396927858', '2029-06-13', 1, NULL, 11, 516),
(0, 'admin', '2023-06-24 23:49:28', NULL, NULL, NULL, NULL, '337498022', '103464498', '2029-06-13', 1, NULL, 11, 517),
(0, 'admin', '2023-06-24 23:49:28', NULL, NULL, NULL, NULL, '709800336', '743127525', '2029-06-13', 1, NULL, 11, 518),
(0, 'admin', '2023-06-24 23:49:28', NULL, NULL, NULL, NULL, '692682568', '500453784', '2029-06-13', 1, NULL, 11, 519),
(0, 'admin', '2023-06-24 23:49:28', NULL, NULL, NULL, NULL, '558053497', '924382536', '2029-06-13', 1, NULL, 11, 520),
(0, 'admin', '2023-06-24 23:49:28', NULL, NULL, NULL, NULL, '268590772', '525583894', '2029-06-13', 1, NULL, 11, 521),
(0, 'admin', '2023-06-24 23:49:28', NULL, NULL, NULL, NULL, '571701729', '231938475', '2029-06-13', 1, NULL, 11, 522),
(0, 'admin', '2023-06-24 23:49:28', NULL, NULL, NULL, NULL, '241861728', '610962088', '2029-06-13', 1, NULL, 11, 523),
(0, 'admin', '2023-06-24 23:49:28', NULL, NULL, NULL, NULL, '708269178', '624705459', '2029-06-13', 1, NULL, 11, 524),
(0, 'admin', '2023-06-24 23:49:28', NULL, NULL, NULL, NULL, '564821875', '815461772', '2029-06-13', 1, NULL, 11, 525),
(0, 'admin', '2023-06-24 23:49:28', NULL, NULL, NULL, NULL, '337918284', '333064370', '2029-06-13', 1, NULL, 11, 526),
(0, 'admin', '2023-06-24 23:49:28', NULL, NULL, NULL, NULL, '709386777', '420564261', '2029-06-13', 1, NULL, 11, 527),
(0, 'admin', '2023-06-24 23:49:28', NULL, NULL, NULL, NULL, '471827198', '346102939', '2029-06-13', 1, NULL, 11, 528),
(0, 'admin', '2023-06-24 23:49:28', NULL, NULL, NULL, NULL, '366366585', '864126726', '2029-06-13', 1, NULL, 11, 529),
(0, 'admin', '2023-06-24 23:49:28', NULL, NULL, NULL, NULL, '226246913', '704972552', '2029-06-13', 1, NULL, 11, 530),
(0, 'admin', '2023-06-24 23:49:33', NULL, NULL, NULL, NULL, '621969316', '147441786', '2029-06-13', 1, NULL, 12, 531),
(0, 'admin', '2023-06-24 23:49:33', NULL, NULL, NULL, NULL, '487368561', '466288364', '2029-06-13', 1, NULL, 12, 532),
(0, 'admin', '2023-06-24 23:49:33', NULL, NULL, NULL, NULL, '386726139', '677817888', '2029-06-13', 1, NULL, 12, 533),
(0, 'admin', '2023-06-24 23:49:33', NULL, NULL, NULL, NULL, '936779603', '360794120', '2029-06-13', 1, NULL, 12, 534),
(0, 'admin', '2023-06-24 23:49:33', NULL, NULL, NULL, NULL, '481966309', '649625492', '2029-06-13', 1, NULL, 12, 535),
(0, 'admin', '2023-06-24 23:49:33', NULL, NULL, NULL, NULL, '740669190', '701797046', '2029-06-13', 1, NULL, 12, 536),
(0, 'admin', '2023-06-24 23:49:33', NULL, NULL, NULL, NULL, '135104851', '227583792', '2029-06-13', 1, NULL, 12, 537),
(0, 'admin', '2023-06-24 23:49:33', NULL, NULL, NULL, NULL, '813086519', '712038842', '2029-06-13', 1, NULL, 12, 538),
(0, 'admin', '2023-06-24 23:49:33', NULL, NULL, NULL, NULL, '256896030', '331098112', '2029-06-13', 1, NULL, 12, 539),
(0, 'admin', '2023-06-24 23:49:33', NULL, NULL, NULL, NULL, '656869056', '273926939', '2029-06-13', 1, NULL, 12, 540),
(0, 'admin', '2023-06-24 23:49:33', NULL, NULL, NULL, NULL, '279181628', '569453102', '2029-06-13', 1, NULL, 12, 541),
(0, 'admin', '2023-06-24 23:49:33', NULL, NULL, NULL, NULL, '928397881', '114726491', '2029-06-13', 1, NULL, 12, 542),
(0, 'admin', '2023-06-24 23:49:33', NULL, NULL, NULL, NULL, '269602605', '957337089', '2029-06-13', 1, NULL, 12, 543),
(0, 'admin', '2023-06-24 23:49:33', NULL, NULL, NULL, NULL, '316844664', '163831014', '2029-06-13', 1, NULL, 12, 544),
(0, 'admin', '2023-06-24 23:49:33', NULL, NULL, NULL, NULL, '327158372', '137888603', '2029-06-13', 1, NULL, 12, 545),
(0, 'admin', '2023-06-24 23:49:33', NULL, NULL, NULL, NULL, '694606611', '680382154', '2029-06-13', 1, NULL, 12, 546),
(0, 'admin', '2023-06-24 23:49:33', NULL, NULL, NULL, NULL, '117564845', '431152304', '2029-06-13', 1, NULL, 12, 547),
(0, 'admin', '2023-06-24 23:49:33', NULL, NULL, NULL, NULL, '900949389', '873155655', '2029-06-13', 1, NULL, 12, 548),
(0, 'admin', '2023-06-24 23:49:33', NULL, NULL, NULL, NULL, '563015156', '849738012', '2029-06-13', 1, NULL, 12, 549),
(0, 'admin', '2023-06-24 23:49:33', NULL, NULL, NULL, NULL, '706077945', '230699528', '2029-06-13', 1, NULL, 12, 550),
(0, 'admin', '2023-06-24 23:49:33', NULL, NULL, NULL, NULL, '302883971', '701165174', '2029-06-13', 1, NULL, 12, 551),
(0, 'admin', '2023-06-24 23:49:33', NULL, NULL, NULL, NULL, '904364172', '525237063', '2029-06-13', 1, NULL, 12, 552),
(0, 'admin', '2023-06-24 23:49:33', NULL, NULL, NULL, NULL, '255397620', '434938249', '2029-06-13', 1, NULL, 12, 553),
(0, 'admin', '2023-06-24 23:49:33', NULL, NULL, NULL, NULL, '626636700', '896850834', '2029-06-13', 1, NULL, 12, 554),
(0, 'admin', '2023-06-24 23:49:33', NULL, NULL, NULL, NULL, '712855527', '579175960', '2029-06-13', 1, NULL, 12, 555),
(0, 'admin', '2023-06-24 23:49:33', NULL, NULL, NULL, NULL, '392741804', '483297376', '2029-06-13', 1, NULL, 12, 556),
(0, 'admin', '2023-06-24 23:49:33', NULL, NULL, NULL, NULL, '932063561', '967810012', '2029-06-13', 1, NULL, 12, 557),
(0, 'admin', '2023-06-24 23:49:33', NULL, NULL, NULL, NULL, '429889481', '801427924', '2029-06-13', 1, NULL, 12, 558),
(0, 'admin', '2023-06-24 23:49:33', NULL, NULL, NULL, NULL, '192956857', '105587805', '2029-06-13', 1, NULL, 12, 559),
(0, 'admin', '2023-06-24 23:49:33', NULL, NULL, NULL, NULL, '267132237', '686874324', '2029-06-13', 1, NULL, 12, 560),
(0, 'admin', '2023-06-24 23:49:38', NULL, NULL, NULL, NULL, '987109861', '784009891', '2029-06-13', 1, NULL, 13, 561),
(0, 'admin', '2023-06-24 23:49:38', NULL, NULL, NULL, NULL, '262236646', '594755398', '2029-06-13', 1, NULL, 13, 562),
(0, 'admin', '2023-06-24 23:49:38', NULL, NULL, NULL, NULL, '909320723', '736863779', '2029-06-13', 1, NULL, 13, 563),
(0, 'admin', '2023-06-24 23:49:38', NULL, NULL, NULL, NULL, '279439710', '104587813', '2029-06-13', 1, NULL, 13, 564),
(0, 'admin', '2023-06-24 23:49:38', NULL, NULL, NULL, NULL, '247567720', '141895626', '2029-06-13', 1, NULL, 13, 565),
(0, 'admin', '2023-06-24 23:49:38', NULL, NULL, NULL, NULL, '480571216', '599752572', '2029-06-13', 1, NULL, 13, 566),
(0, 'admin', '2023-06-24 23:49:38', NULL, NULL, NULL, NULL, '930303363', '137402075', '2029-06-13', 1, NULL, 13, 567),
(0, 'admin', '2023-06-24 23:49:38', NULL, NULL, NULL, NULL, '175007927', '836087529', '2029-06-13', 1, NULL, 13, 568),
(0, 'admin', '2023-06-24 23:49:38', NULL, NULL, NULL, NULL, '583018283', '750075846', '2029-06-13', 1, NULL, 13, 569),
(0, 'admin', '2023-06-24 23:49:38', NULL, NULL, NULL, NULL, '417645561', '454783466', '2029-06-13', 1, NULL, 13, 570),
(0, 'admin', '2023-06-24 23:49:38', NULL, NULL, NULL, NULL, '962937810', '389574515', '2029-06-13', 1, NULL, 13, 571),
(0, 'admin', '2023-06-24 23:49:38', NULL, NULL, NULL, NULL, '551721255', '226527734', '2029-06-13', 1, NULL, 13, 572),
(0, 'admin', '2023-06-24 23:49:38', NULL, NULL, NULL, NULL, '943080711', '172884681', '2029-06-13', 1, NULL, 13, 573),
(0, 'admin', '2023-06-24 23:49:38', NULL, NULL, NULL, NULL, '507189017', '364158395', '2029-06-13', 1, NULL, 13, 574),
(0, 'admin', '2023-06-24 23:49:38', NULL, NULL, NULL, NULL, '988524495', '969559592', '2029-06-13', 1, NULL, 13, 575),
(0, 'admin', '2023-06-24 23:49:38', NULL, NULL, NULL, NULL, '764239400', '335711907', '2029-06-13', 1, NULL, 13, 576),
(0, 'admin', '2023-06-24 23:49:38', NULL, NULL, NULL, NULL, '377850135', '722338361', '2029-06-13', 1, NULL, 13, 577),
(0, 'admin', '2023-06-24 23:49:38', NULL, NULL, NULL, NULL, '873807614', '125793096', '2029-06-13', 1, NULL, 13, 578),
(0, 'admin', '2023-06-24 23:49:38', NULL, NULL, NULL, NULL, '662400430', '862992064', '2029-06-13', 1, NULL, 13, 579),
(0, 'admin', '2023-06-24 23:49:38', NULL, NULL, NULL, NULL, '782000584', '381152783', '2029-06-13', 1, NULL, 13, 580),
(0, 'admin', '2023-06-24 23:49:38', NULL, NULL, NULL, NULL, '436758846', '241629832', '2029-06-13', 1, NULL, 13, 581),
(0, 'admin', '2023-06-24 23:49:38', NULL, NULL, NULL, NULL, '939469015', '445116251', '2029-06-13', 1, NULL, 13, 582),
(0, 'admin', '2023-06-24 23:49:38', NULL, NULL, NULL, NULL, '460014503', '162741406', '2029-06-13', 1, NULL, 13, 583),
(0, 'admin', '2023-06-24 23:49:38', NULL, NULL, NULL, NULL, '177702180', '208195613', '2029-06-13', 1, NULL, 13, 584),
(0, 'admin', '2023-06-24 23:49:38', NULL, NULL, NULL, NULL, '892313639', '400898168', '2029-06-13', 1, NULL, 13, 585),
(0, 'admin', '2023-06-24 23:49:38', NULL, NULL, NULL, NULL, '891501633', '404453999', '2029-06-13', 1, NULL, 13, 586),
(0, 'admin', '2023-06-24 23:49:38', NULL, NULL, NULL, NULL, '727574265', '300701717', '2029-06-13', 1, NULL, 13, 587),
(0, 'admin', '2023-06-24 23:49:38', NULL, NULL, NULL, NULL, '480379924', '781844818', '2029-06-13', 1, NULL, 13, 588),
(0, 'admin', '2023-06-24 23:49:38', NULL, NULL, NULL, NULL, '219299495', '373006404', '2029-06-13', 1, NULL, 13, 589),
(0, 'admin', '2023-06-24 23:49:38', NULL, NULL, NULL, NULL, '850324105', '297320049', '2029-06-13', 1, NULL, 13, 590),
(0, 'admin', '2023-06-24 23:49:45', NULL, NULL, NULL, NULL, '125194242', '378593376', '2029-06-13', 0, 30, 14, 591),
(0, 'admin', '2023-06-24 23:49:45', NULL, NULL, NULL, NULL, '607760189', '385084365', '2029-06-13', 1, NULL, 14, 592),
(0, 'admin', '2023-06-24 23:49:45', NULL, NULL, NULL, NULL, '150460086', '798810094', '2029-06-13', 1, NULL, 14, 593),
(0, 'admin', '2023-06-24 23:49:45', NULL, NULL, NULL, NULL, '887297610', '287465656', '2029-06-13', 1, NULL, 14, 594),
(0, 'admin', '2023-06-24 23:49:45', NULL, NULL, NULL, NULL, '528765348', '356522129', '2029-06-13', 1, NULL, 14, 595),
(0, 'admin', '2023-06-24 23:49:45', NULL, NULL, NULL, NULL, '886437085', '384126949', '2029-06-13', 1, NULL, 14, 596),
(0, 'admin', '2023-06-24 23:49:45', NULL, NULL, NULL, NULL, '508548022', '599692083', '2029-06-13', 1, NULL, 14, 597),
(0, 'admin', '2023-06-24 23:49:45', NULL, NULL, NULL, NULL, '558545691', '645951001', '2029-06-13', 1, NULL, 14, 598),
(0, 'admin', '2023-06-24 23:49:45', NULL, NULL, NULL, NULL, '979002241', '173888369', '2029-06-13', 1, NULL, 14, 599),
(0, 'admin', '2023-06-24 23:49:45', NULL, NULL, NULL, NULL, '884237452', '966009720', '2029-06-13', 1, NULL, 14, 600),
(0, 'admin', '2023-06-24 23:49:45', NULL, NULL, NULL, NULL, '231492315', '271204966', '2029-06-13', 1, NULL, 14, 601),
(0, 'admin', '2023-06-24 23:49:45', NULL, NULL, NULL, NULL, '844594416', '479625738', '2029-06-13', 1, NULL, 14, 602),
(0, 'admin', '2023-06-24 23:49:45', NULL, NULL, NULL, NULL, '947636595', '921970580', '2029-06-13', 1, NULL, 14, 603),
(0, 'admin', '2023-06-24 23:49:45', NULL, NULL, NULL, NULL, '950726165', '636767119', '2029-06-13', 1, NULL, 14, 604),
(0, 'admin', '2023-06-24 23:49:45', NULL, NULL, NULL, NULL, '890317294', '328240305', '2029-06-13', 1, NULL, 14, 605),
(0, 'admin', '2023-06-24 23:49:45', NULL, NULL, NULL, NULL, '103174567', '663406531', '2029-06-13', 1, NULL, 14, 606),
(0, 'admin', '2023-06-24 23:49:45', NULL, NULL, NULL, NULL, '261391061', '627695374', '2029-06-13', 1, NULL, 14, 607),
(0, 'admin', '2023-06-24 23:49:45', NULL, NULL, NULL, NULL, '453044329', '245386800', '2029-06-13', 1, NULL, 14, 608),
(0, 'admin', '2023-06-24 23:49:45', NULL, NULL, NULL, NULL, '483545208', '570220583', '2029-06-13', 1, NULL, 14, 609),
(0, 'admin', '2023-06-24 23:49:45', NULL, NULL, NULL, NULL, '219639099', '917396886', '2029-06-13', 1, NULL, 14, 610),
(0, 'admin', '2023-06-24 23:49:45', NULL, NULL, NULL, NULL, '872498610', '974646292', '2029-06-13', 1, NULL, 14, 611),
(0, 'admin', '2023-06-24 23:49:45', NULL, NULL, NULL, NULL, '878912808', '989644956', '2029-06-13', 1, NULL, 14, 612),
(0, 'admin', '2023-06-24 23:49:45', NULL, NULL, NULL, NULL, '884627538', '267885597', '2029-06-13', 1, NULL, 14, 613),
(0, 'admin', '2023-06-24 23:49:45', NULL, NULL, NULL, NULL, '790736339', '213425201', '2029-06-13', 1, NULL, 14, 614),
(0, 'admin', '2023-06-24 23:49:45', NULL, NULL, NULL, NULL, '392321812', '292537267', '2029-06-13', 1, NULL, 14, 615),
(0, 'admin', '2023-06-24 23:49:45', NULL, NULL, NULL, NULL, '805657465', '259406387', '2029-06-13', 1, NULL, 14, 616),
(0, 'admin', '2023-06-24 23:49:45', NULL, NULL, NULL, NULL, '818163067', '470537717', '2029-06-13', 1, NULL, 14, 617),
(0, 'admin', '2023-06-24 23:49:45', NULL, NULL, NULL, NULL, '446353528', '473239667', '2029-06-13', 1, NULL, 14, 618),
(0, 'admin', '2023-06-24 23:49:45', NULL, NULL, NULL, NULL, '788346678', '681252600', '2029-06-13', 1, NULL, 14, 619),
(0, 'admin', '2023-06-24 23:49:45', NULL, NULL, NULL, NULL, '301460262', '318099667', '2029-06-13', 1, NULL, 14, 620),
(0, 'admin', '2023-06-24 23:49:51', NULL, NULL, NULL, NULL, '347211387', '140154347', '2029-06-13', 1, NULL, 15, 621),
(0, 'admin', '2023-06-24 23:49:51', NULL, NULL, NULL, NULL, '924656415', '555257718', '2029-06-13', 1, NULL, 15, 622),
(0, 'admin', '2023-06-24 23:49:51', NULL, NULL, NULL, NULL, '122294586', '939645314', '2029-06-13', 1, NULL, 15, 623),
(0, 'admin', '2023-06-24 23:49:51', NULL, NULL, NULL, NULL, '174169314', '250589039', '2029-06-13', 1, NULL, 15, 624),
(0, 'admin', '2023-06-24 23:49:51', NULL, NULL, NULL, NULL, '403516488', '712473430', '2029-06-13', 1, NULL, 15, 625),
(0, 'admin', '2023-06-24 23:49:51', NULL, NULL, NULL, NULL, '227469073', '426992528', '2029-06-13', 1, NULL, 15, 626),
(0, 'admin', '2023-06-24 23:49:51', NULL, NULL, NULL, NULL, '271714055', '532225056', '2029-06-13', 1, NULL, 15, 627),
(0, 'admin', '2023-06-24 23:49:51', NULL, NULL, NULL, NULL, '104885806', '679496980', '2029-06-13', 1, NULL, 15, 628);
INSERT INTO `storage` (`isDeleted`, `createdBy`, `createdAt`, `updatedAt`, `updatedBy`, `deletedAt`, `deletedBy`, `seri`, `code`, `exp`, `status`, `order_id`, `product`, `id`) VALUES
(0, 'admin', '2023-06-24 23:49:51', NULL, NULL, NULL, NULL, '351921131', '816777878', '2029-06-13', 1, NULL, 15, 629),
(0, 'admin', '2023-06-24 23:49:51', NULL, NULL, NULL, NULL, '891169468', '315924632', '2029-06-13', 1, NULL, 15, 630),
(0, 'admin', '2023-06-24 23:49:51', NULL, NULL, NULL, NULL, '793486342', '666401550', '2029-06-13', 1, NULL, 15, 631),
(0, 'admin', '2023-06-24 23:49:51', NULL, NULL, NULL, NULL, '251273966', '785585020', '2029-06-13', 1, NULL, 15, 632),
(0, 'admin', '2023-06-24 23:49:51', NULL, NULL, NULL, NULL, '399064100', '707764692', '2029-06-13', 1, NULL, 15, 633),
(0, 'admin', '2023-06-24 23:49:51', NULL, NULL, NULL, NULL, '617138641', '546956494', '2029-06-13', 1, NULL, 15, 634),
(0, 'admin', '2023-06-24 23:49:51', NULL, NULL, NULL, NULL, '122611510', '772788908', '2029-06-13', 1, NULL, 15, 635),
(0, 'admin', '2023-06-24 23:49:51', NULL, NULL, NULL, NULL, '337470531', '120386462', '2029-06-13', 1, NULL, 15, 636),
(0, 'admin', '2023-06-24 23:49:51', NULL, NULL, NULL, NULL, '620749368', '382719975', '2029-06-13', 1, NULL, 15, 637),
(0, 'admin', '2023-06-24 23:49:51', NULL, NULL, NULL, NULL, '697694081', '947300380', '2029-06-13', 1, NULL, 15, 638),
(0, 'admin', '2023-06-24 23:49:51', NULL, NULL, NULL, NULL, '773200999', '732433351', '2029-06-13', 1, NULL, 15, 639),
(0, 'admin', '2023-06-24 23:49:51', NULL, NULL, NULL, NULL, '107701869', '177388564', '2029-06-13', 1, NULL, 15, 640),
(0, 'admin', '2023-06-24 23:49:51', NULL, NULL, NULL, NULL, '578400464', '211353372', '2029-06-13', 1, NULL, 15, 641),
(0, 'admin', '2023-06-24 23:49:51', NULL, NULL, NULL, NULL, '176752103', '830486494', '2029-06-13', 1, NULL, 15, 642),
(0, 'admin', '2023-06-24 23:49:51', NULL, NULL, NULL, NULL, '637188317', '737264632', '2029-06-13', 1, NULL, 15, 643),
(0, 'admin', '2023-06-24 23:49:51', NULL, NULL, NULL, NULL, '354237189', '676789071', '2029-06-13', 1, NULL, 15, 644),
(0, 'admin', '2023-06-24 23:49:51', NULL, NULL, NULL, NULL, '546443777', '437223278', '2029-06-13', 1, NULL, 15, 645),
(0, 'admin', '2023-06-24 23:49:51', NULL, NULL, NULL, NULL, '228783005', '696460079', '2029-06-13', 1, NULL, 15, 646),
(0, 'admin', '2023-06-24 23:49:51', NULL, NULL, NULL, NULL, '898027916', '415106575', '2029-06-13', 1, NULL, 15, 647),
(0, 'admin', '2023-06-24 23:49:51', NULL, NULL, NULL, NULL, '236258444', '834588548', '2029-06-13', 1, NULL, 15, 648),
(0, 'admin', '2023-06-24 23:49:51', NULL, NULL, NULL, NULL, '480059046', '237913868', '2029-06-13', 1, NULL, 15, 649),
(0, 'admin', '2023-06-24 23:49:51', NULL, NULL, NULL, NULL, '764889371', '205902235', '2029-06-13', 1, NULL, 15, 650),
(0, 'admin', '2023-06-24 23:50:49', NULL, NULL, NULL, NULL, '433855210', '809286368', '2029-06-13', 1, NULL, 16, 651),
(0, 'admin', '2023-06-24 23:50:49', NULL, NULL, NULL, NULL, '295367970', '857746501', '2029-06-13', 1, NULL, 16, 652),
(0, 'admin', '2023-06-24 23:50:49', NULL, NULL, NULL, NULL, '485546974', '767343963', '2029-06-13', 1, NULL, 16, 653),
(0, 'admin', '2023-06-24 23:50:49', NULL, NULL, NULL, NULL, '195387641', '880945037', '2029-06-13', 1, NULL, 16, 654),
(0, 'admin', '2023-06-24 23:50:49', NULL, NULL, NULL, NULL, '356316477', '392027466', '2029-06-13', 1, NULL, 16, 655),
(0, 'admin', '2023-06-24 23:50:49', NULL, NULL, NULL, NULL, '808633954', '198036801', '2029-06-13', 1, NULL, 16, 656),
(0, 'admin', '2023-06-24 23:50:49', NULL, NULL, NULL, NULL, '440742021', '899362404', '2029-06-13', 1, NULL, 16, 657),
(0, 'admin', '2023-06-24 23:50:49', NULL, NULL, NULL, NULL, '811666939', '457146421', '2029-06-13', 1, NULL, 16, 658),
(0, 'admin', '2023-06-24 23:50:49', NULL, NULL, NULL, NULL, '306428490', '752336786', '2029-06-13', 1, NULL, 16, 659),
(0, 'admin', '2023-06-24 23:50:49', NULL, NULL, NULL, NULL, '679170040', '614557147', '2029-06-13', 1, NULL, 16, 660),
(0, 'admin', '2023-06-24 23:50:49', NULL, NULL, NULL, NULL, '712141121', '561056515', '2029-06-13', 1, NULL, 16, 661),
(0, 'admin', '2023-06-24 23:50:49', NULL, NULL, NULL, NULL, '274820350', '170385484', '2029-06-13', 1, NULL, 16, 662),
(0, 'admin', '2023-06-24 23:50:49', NULL, NULL, NULL, NULL, '772604890', '648912899', '2029-06-13', 1, NULL, 16, 663),
(0, 'admin', '2023-06-24 23:50:49', NULL, NULL, NULL, NULL, '908043938', '321814722', '2029-06-13', 1, NULL, 16, 664),
(0, 'admin', '2023-06-24 23:50:49', NULL, NULL, NULL, NULL, '390919142', '894861785', '2029-06-13', 1, NULL, 16, 665),
(0, 'admin', '2023-06-24 23:50:49', NULL, NULL, NULL, NULL, '479161377', '452824045', '2029-06-13', 1, NULL, 16, 666),
(0, 'admin', '2023-06-24 23:50:49', NULL, NULL, NULL, NULL, '106587688', '559986577', '2029-06-13', 1, NULL, 16, 667),
(0, 'admin', '2023-06-24 23:50:49', NULL, NULL, NULL, NULL, '932614327', '850893013', '2029-06-13', 1, NULL, 16, 668),
(0, 'admin', '2023-06-24 23:50:49', NULL, NULL, NULL, NULL, '938447372', '244952329', '2029-06-13', 1, NULL, 16, 669),
(0, 'admin', '2023-06-24 23:50:49', NULL, NULL, NULL, NULL, '585073219', '527428222', '2029-06-13', 1, NULL, 16, 670),
(0, 'admin', '2023-06-24 23:50:49', NULL, NULL, NULL, NULL, '875290225', '291941110', '2029-06-13', 1, NULL, 16, 671),
(0, 'admin', '2023-06-24 23:50:49', NULL, NULL, NULL, NULL, '505915356', '107691154', '2029-06-13', 1, NULL, 16, 672),
(0, 'admin', '2023-06-24 23:50:49', NULL, NULL, NULL, NULL, '787279679', '296783012', '2029-06-13', 1, NULL, 16, 673),
(0, 'admin', '2023-06-24 23:50:49', NULL, NULL, NULL, NULL, '600863858', '568769760', '2029-06-13', 1, NULL, 16, 674),
(0, 'admin', '2023-06-24 23:50:49', NULL, NULL, NULL, NULL, '566183524', '112436841', '2029-06-13', 1, NULL, 16, 675),
(0, 'admin', '2023-06-24 23:50:49', NULL, NULL, NULL, NULL, '896107676', '611664528', '2029-06-13', 1, NULL, 16, 676),
(0, 'admin', '2023-06-24 23:50:49', NULL, NULL, NULL, NULL, '479436189', '250377008', '2029-06-13', 1, NULL, 16, 677),
(0, 'admin', '2023-06-24 23:50:49', NULL, NULL, NULL, NULL, '256871264', '842612148', '2029-06-13', 1, NULL, 16, 678),
(0, 'admin', '2023-06-24 23:50:49', NULL, NULL, NULL, NULL, '636499004', '793685864', '2029-06-13', 1, NULL, 16, 679),
(0, 'admin', '2023-06-24 23:50:49', NULL, NULL, NULL, NULL, '540830040', '519528136', '2029-06-13', 1, NULL, 16, 680),
(0, 'admin', '2023-06-24 23:50:49', NULL, NULL, NULL, NULL, '176488689', '472581726', '2029-06-13', 0, 12, 17, 681),
(0, 'admin', '2023-06-24 23:50:49', NULL, NULL, NULL, NULL, '717548487', '872524052', '2029-06-13', 0, 15, 17, 682),
(0, 'admin', '2023-06-24 23:50:49', NULL, NULL, NULL, NULL, '649056781', '523932771', '2029-06-13', 0, 51, 17, 683),
(0, 'admin', '2023-06-24 23:50:49', NULL, NULL, NULL, NULL, '498413635', '660658535', '2029-06-13', 0, 52, 17, 684),
(0, 'admin', '2023-06-24 23:50:49', NULL, NULL, NULL, NULL, '424317523', '106614644', '2029-06-13', 0, 52, 17, 685),
(0, 'admin', '2023-06-24 23:50:49', NULL, NULL, NULL, NULL, '577434730', '517627816', '2029-06-13', 0, 52, 17, 686),
(0, 'admin', '2023-06-24 23:50:49', NULL, NULL, NULL, NULL, '411553740', '434649020', '2029-06-13', 0, 52, 17, 687),
(0, 'admin', '2023-06-24 23:50:49', NULL, NULL, NULL, NULL, '746882679', '424833033', '2029-06-13', 0, 52, 17, 688),
(0, 'admin', '2023-06-24 23:50:49', NULL, NULL, NULL, NULL, '295601170', '691968944', '2029-06-13', 0, 52, 17, 689),
(0, 'admin', '2023-06-24 23:50:49', NULL, NULL, NULL, NULL, '454839741', '485706223', '2029-06-13', 0, 52, 17, 690),
(0, 'admin', '2023-06-24 23:50:49', NULL, NULL, NULL, NULL, '859555042', '396268377', '2029-06-13', 0, 52, 17, 691),
(0, 'admin', '2023-06-24 23:50:49', NULL, NULL, NULL, NULL, '719274326', '126098822', '2029-06-13', 0, 52, 17, 692),
(0, 'admin', '2023-06-24 23:50:49', NULL, NULL, NULL, NULL, '864171598', '755026213', '2029-06-13', 0, 52, 17, 693),
(0, 'admin', '2023-06-24 23:50:49', NULL, NULL, NULL, NULL, '363961635', '181295916', '2029-06-13', 0, 54, 17, 694),
(0, 'admin', '2023-06-24 23:50:49', NULL, NULL, NULL, NULL, '418711979', '412074803', '2029-06-13', 0, 55, 17, 695),
(0, 'admin', '2023-06-24 23:50:49', NULL, NULL, NULL, NULL, '616663047', '337659503', '2029-06-13', 0, 55, 17, 696),
(0, 'admin', '2023-06-24 23:50:49', NULL, NULL, NULL, NULL, '686166287', '917383079', '2029-06-13', 0, 55, 17, 697),
(0, 'admin', '2023-06-24 23:50:49', NULL, NULL, NULL, NULL, '934645713', '758179240', '2029-06-13', 0, 55, 17, 698),
(0, 'admin', '2023-06-24 23:50:49', NULL, NULL, NULL, NULL, '829882010', '511522892', '2029-06-13', 0, 55, 17, 699),
(0, 'admin', '2023-06-24 23:50:49', NULL, NULL, NULL, NULL, '322580977', '224049004', '2029-06-13', 0, 55, 17, 700),
(0, 'admin', '2023-06-24 23:50:49', NULL, NULL, NULL, NULL, '846397311', '585327080', '2029-06-13', 0, 55, 17, 701),
(0, 'admin', '2023-06-24 23:50:49', NULL, NULL, NULL, NULL, '419135483', '852514290', '2029-06-13', 0, 55, 17, 702),
(0, 'admin', '2023-06-24 23:50:49', NULL, NULL, NULL, NULL, '903548750', '652180533', '2029-06-13', 0, 55, 17, 703),
(0, 'admin', '2023-06-24 23:50:49', NULL, NULL, NULL, NULL, '393992458', '532330019', '2029-06-13', 0, 55, 17, 704),
(0, 'admin', '2023-06-24 23:50:49', NULL, NULL, NULL, NULL, '384762623', '345648372', '2029-06-13', 1, NULL, 17, 705),
(0, 'admin', '2023-06-24 23:50:49', NULL, NULL, NULL, NULL, '516526745', '695225605', '2029-06-13', 1, NULL, 17, 706),
(0, 'admin', '2023-06-24 23:50:49', NULL, NULL, NULL, NULL, '649621511', '434708460', '2029-06-13', 1, NULL, 17, 707),
(0, 'admin', '2023-06-24 23:50:49', NULL, NULL, NULL, NULL, '550551370', '482510023', '2029-06-13', 1, NULL, 17, 708),
(0, 'admin', '2023-06-24 23:50:49', NULL, NULL, NULL, NULL, '654192755', '788945504', '2029-06-13', 1, NULL, 17, 709),
(0, 'admin', '2023-06-24 23:50:49', NULL, NULL, NULL, NULL, '818963535', '940633067', '2029-06-13', 1, NULL, 17, 710),
(0, 'admin', '2023-06-24 23:50:49', NULL, NULL, NULL, NULL, '377527095', '564883579', '2029-06-13', 0, 31, 18, 711),
(0, 'admin', '2023-06-24 23:50:49', NULL, NULL, NULL, NULL, '481294034', '248965827', '2029-06-13', 0, 32, 18, 712),
(0, 'admin', '2023-06-24 23:50:49', NULL, NULL, NULL, NULL, '101759456', '703651141', '2029-06-13', 0, 33, 18, 713),
(0, 'admin', '2023-06-24 23:50:49', NULL, NULL, NULL, NULL, '208928004', '402294985', '2029-06-13', 1, NULL, 18, 714),
(0, 'admin', '2023-06-24 23:50:49', NULL, NULL, NULL, NULL, '406674855', '978143323', '2029-06-13', 1, NULL, 18, 715),
(0, 'admin', '2023-06-24 23:50:49', NULL, NULL, NULL, NULL, '338353174', '375565225', '2029-06-13', 1, NULL, 18, 716),
(0, 'admin', '2023-06-24 23:50:49', NULL, NULL, NULL, NULL, '272928050', '827593058', '2029-06-13', 1, NULL, 18, 717),
(0, 'admin', '2023-06-24 23:50:49', NULL, NULL, NULL, NULL, '447841608', '765032683', '2029-06-13', 1, NULL, 18, 718),
(0, 'admin', '2023-06-24 23:50:49', NULL, NULL, NULL, NULL, '775624106', '790486653', '2029-06-13', 1, NULL, 18, 719),
(0, 'admin', '2023-06-24 23:50:49', NULL, NULL, NULL, NULL, '202020530', '445790956', '2029-06-13', 1, NULL, 18, 720),
(0, 'admin', '2023-06-24 23:50:49', NULL, NULL, NULL, NULL, '820689405', '819231864', '2029-06-13', 1, NULL, 18, 721),
(0, 'admin', '2023-06-24 23:50:49', NULL, NULL, NULL, NULL, '901260736', '676243831', '2029-06-13', 1, NULL, 18, 722),
(0, 'admin', '2023-06-24 23:50:49', NULL, NULL, NULL, NULL, '923379106', '852270827', '2029-06-13', 1, NULL, 18, 723),
(0, 'admin', '2023-06-24 23:50:49', NULL, NULL, NULL, NULL, '593708693', '856935460', '2029-06-13', 1, NULL, 18, 724),
(0, 'admin', '2023-06-24 23:50:49', NULL, NULL, NULL, NULL, '604206907', '244310596', '2029-06-13', 1, NULL, 18, 725),
(0, 'admin', '2023-06-24 23:50:49', NULL, NULL, NULL, NULL, '412127649', '479412450', '2029-06-13', 1, NULL, 18, 726),
(0, 'admin', '2023-06-24 23:50:49', NULL, NULL, NULL, NULL, '373763895', '815927140', '2029-06-13', 1, NULL, 18, 727),
(0, 'admin', '2023-06-24 23:50:49', NULL, NULL, NULL, NULL, '714444450', '755107706', '2029-06-13', 1, NULL, 18, 728),
(0, 'admin', '2023-06-24 23:50:49', NULL, NULL, NULL, NULL, '220860916', '163428315', '2029-06-13', 1, NULL, 18, 729),
(0, 'admin', '2023-06-24 23:50:49', NULL, NULL, NULL, NULL, '542440610', '577398112', '2029-06-13', 1, NULL, 18, 730),
(0, 'admin', '2023-06-24 23:50:49', NULL, NULL, NULL, NULL, '161765332', '987083811', '2029-06-13', 1, NULL, 18, 731),
(0, 'admin', '2023-06-24 23:50:49', NULL, NULL, NULL, NULL, '700505043', '563406415', '2029-06-13', 1, NULL, 18, 732),
(0, 'admin', '2023-06-24 23:50:49', NULL, NULL, NULL, NULL, '921999648', '544729995', '2029-06-13', 1, NULL, 18, 733),
(0, 'admin', '2023-06-24 23:50:49', NULL, NULL, NULL, NULL, '257388168', '573116575', '2029-06-13', 1, NULL, 18, 734),
(0, 'admin', '2023-06-24 23:50:49', NULL, NULL, NULL, NULL, '460404652', '366944078', '2029-06-13', 1, NULL, 18, 735),
(0, 'admin', '2023-06-24 23:50:49', NULL, NULL, NULL, NULL, '539415580', '775770341', '2029-06-13', 1, NULL, 18, 736),
(0, 'admin', '2023-06-24 23:50:49', NULL, NULL, NULL, NULL, '916168909', '571980855', '2029-06-13', 1, NULL, 18, 737),
(0, 'admin', '2023-06-24 23:50:49', NULL, NULL, NULL, NULL, '933183540', '868991332', '2029-06-13', 1, NULL, 18, 738),
(0, 'admin', '2023-06-24 23:50:49', NULL, NULL, NULL, NULL, '541404326', '853755824', '2029-06-13', 1, NULL, 18, 739),
(0, 'admin', '2023-06-24 23:50:49', NULL, NULL, NULL, NULL, '260465623', '202219603', '2029-06-13', 1, NULL, 18, 740),
(0, 'admin', '2023-06-24 23:50:49', NULL, NULL, NULL, NULL, '881118409', '271788844', '2029-06-13', 1, NULL, 19, 741),
(0, 'admin', '2023-06-24 23:50:49', NULL, NULL, NULL, NULL, '633397295', '763444658', '2029-06-13', 1, NULL, 19, 742),
(0, 'admin', '2023-06-24 23:50:49', NULL, NULL, NULL, NULL, '265101367', '918252790', '2029-06-13', 1, NULL, 19, 743),
(0, 'admin', '2023-06-24 23:50:49', NULL, NULL, NULL, NULL, '416314324', '127125115', '2029-06-13', 1, NULL, 19, 744),
(0, 'admin', '2023-06-24 23:50:49', NULL, NULL, NULL, NULL, '583717716', '919663934', '2029-06-13', 1, NULL, 19, 745),
(0, 'admin', '2023-06-24 23:50:49', NULL, NULL, NULL, NULL, '909578506', '347355458', '2029-06-13', 1, NULL, 19, 746),
(0, 'admin', '2023-06-24 23:50:49', NULL, NULL, NULL, NULL, '852717049', '154076268', '2029-06-13', 1, NULL, 19, 747),
(0, 'admin', '2023-06-24 23:50:49', NULL, NULL, NULL, NULL, '966139850', '545147165', '2029-06-13', 1, NULL, 19, 748),
(0, 'admin', '2023-06-24 23:50:49', NULL, NULL, NULL, NULL, '804338139', '136489301', '2029-06-13', 1, NULL, 19, 749),
(0, 'admin', '2023-06-24 23:50:49', NULL, NULL, NULL, NULL, '388459158', '283085500', '2029-06-13', 1, NULL, 19, 750),
(0, 'admin', '2023-06-24 23:50:49', NULL, NULL, NULL, NULL, '165286813', '161866162', '2029-06-13', 1, NULL, 19, 751),
(0, 'admin', '2023-06-24 23:50:49', NULL, NULL, NULL, NULL, '281501043', '193806454', '2029-06-13', 1, NULL, 19, 752),
(0, 'admin', '2023-06-24 23:50:49', NULL, NULL, NULL, NULL, '440938093', '855706462', '2029-06-13', 1, NULL, 19, 753),
(0, 'admin', '2023-06-24 23:50:49', NULL, NULL, NULL, NULL, '361040277', '238207943', '2029-06-13', 1, NULL, 19, 754),
(0, 'admin', '2023-06-24 23:50:49', NULL, NULL, NULL, NULL, '148382615', '679920036', '2029-06-13', 1, NULL, 19, 755),
(0, 'admin', '2023-06-24 23:50:49', NULL, NULL, NULL, NULL, '711904407', '888141586', '2029-06-13', 1, NULL, 19, 756),
(0, 'admin', '2023-06-24 23:50:49', NULL, NULL, NULL, NULL, '620008322', '310739997', '2029-06-13', 1, NULL, 19, 757),
(0, 'admin', '2023-06-24 23:50:49', NULL, NULL, NULL, NULL, '347219702', '984738449', '2029-06-13', 1, NULL, 19, 758),
(0, 'admin', '2023-06-24 23:50:49', NULL, NULL, NULL, NULL, '942838718', '131969686', '2029-06-13', 1, NULL, 19, 759),
(0, 'admin', '2023-06-24 23:50:49', NULL, NULL, NULL, NULL, '770022439', '549745709', '2029-06-13', 1, NULL, 19, 760),
(0, 'admin', '2023-06-24 23:50:49', NULL, NULL, NULL, NULL, '365809495', '869821857', '2029-06-13', 1, NULL, 19, 761),
(0, 'admin', '2023-06-24 23:50:49', NULL, NULL, NULL, NULL, '693969959', '180618237', '2029-06-13', 1, NULL, 19, 762),
(0, 'admin', '2023-06-24 23:50:49', NULL, NULL, NULL, NULL, '421961379', '967656570', '2029-06-13', 1, NULL, 19, 763),
(0, 'admin', '2023-06-24 23:50:49', NULL, NULL, NULL, NULL, '129482162', '851838158', '2029-06-13', 1, NULL, 19, 764),
(0, 'admin', '2023-06-24 23:50:49', NULL, NULL, NULL, NULL, '349176856', '301794354', '2029-06-13', 1, NULL, 19, 765),
(0, 'admin', '2023-06-24 23:50:49', NULL, NULL, NULL, NULL, '709706941', '761089204', '2029-06-13', 1, NULL, 19, 766),
(0, 'admin', '2023-06-24 23:50:49', NULL, NULL, NULL, NULL, '597003438', '599927742', '2029-06-13', 1, NULL, 19, 767),
(0, 'admin', '2023-06-24 23:50:49', NULL, NULL, NULL, NULL, '318179574', '772577856', '2029-06-13', 1, NULL, 19, 768),
(0, 'admin', '2023-06-24 23:50:49', NULL, NULL, NULL, NULL, '172610294', '201987484', '2029-06-13', 1, NULL, 19, 769),
(0, 'admin', '2023-06-24 23:50:49', NULL, NULL, NULL, NULL, '932225497', '894793607', '2029-06-13', 1, NULL, 19, 770),
(0, 'admin', '2023-06-24 23:50:49', NULL, NULL, NULL, NULL, '276350527', '580598421', '2029-06-13', 0, 48, 20, 771),
(0, 'admin', '2023-06-24 23:50:49', NULL, NULL, NULL, NULL, '586084553', '119019613', '2029-06-13', 1, NULL, 20, 772),
(0, 'admin', '2023-06-24 23:50:49', NULL, NULL, NULL, NULL, '807722110', '439145883', '2029-06-13', 1, NULL, 20, 773),
(0, 'admin', '2023-06-24 23:50:49', NULL, NULL, NULL, NULL, '980821598', '704102934', '2029-06-13', 1, NULL, 20, 774),
(0, 'admin', '2023-06-24 23:50:49', NULL, NULL, NULL, NULL, '194790481', '525149179', '2029-06-13', 1, NULL, 20, 775),
(0, 'admin', '2023-06-24 23:50:49', NULL, NULL, NULL, NULL, '591005181', '828195407', '2029-06-13', 1, NULL, 20, 776),
(0, 'admin', '2023-06-24 23:50:49', NULL, NULL, NULL, NULL, '752029988', '300528717', '2029-06-13', 1, NULL, 20, 777),
(0, 'admin', '2023-06-24 23:50:49', NULL, NULL, NULL, NULL, '219938144', '209568114', '2029-06-13', 1, NULL, 20, 778),
(0, 'admin', '2023-06-24 23:50:49', NULL, NULL, NULL, NULL, '310448377', '632268864', '2029-06-13', 1, NULL, 20, 779),
(0, 'admin', '2023-06-24 23:50:49', NULL, NULL, NULL, NULL, '548279627', '849886014', '2029-06-13', 1, NULL, 20, 780),
(0, 'admin', '2023-06-24 23:50:49', NULL, NULL, NULL, NULL, '818410573', '918301716', '2029-06-13', 1, NULL, 20, 781),
(0, 'admin', '2023-06-24 23:50:49', NULL, NULL, NULL, NULL, '892842090', '599550641', '2029-06-13', 1, NULL, 20, 782),
(0, 'admin', '2023-06-24 23:50:49', NULL, NULL, NULL, NULL, '497625849', '718469407', '2029-06-13', 1, NULL, 20, 783),
(0, 'admin', '2023-06-24 23:50:49', NULL, NULL, NULL, NULL, '516385030', '659117667', '2029-06-13', 1, NULL, 20, 784),
(0, 'admin', '2023-06-24 23:50:49', NULL, NULL, NULL, NULL, '678324559', '734433246', '2029-06-13', 1, NULL, 20, 785),
(0, 'admin', '2023-06-24 23:50:49', NULL, NULL, NULL, NULL, '872162159', '681300606', '2029-06-13', 1, NULL, 20, 786),
(0, 'admin', '2023-06-24 23:50:49', NULL, NULL, NULL, NULL, '201003307', '448758064', '2029-06-13', 1, NULL, 20, 787),
(0, 'admin', '2023-06-24 23:50:49', NULL, NULL, NULL, NULL, '143578457', '109895590', '2029-06-13', 1, NULL, 20, 788),
(0, 'admin', '2023-06-24 23:50:49', NULL, NULL, NULL, NULL, '446924593', '631702701', '2029-06-13', 1, NULL, 20, 789),
(0, 'admin', '2023-06-24 23:50:49', NULL, NULL, NULL, NULL, '401516590', '778768329', '2029-06-13', 1, NULL, 20, 790),
(0, 'admin', '2023-06-24 23:50:49', NULL, NULL, NULL, NULL, '760032403', '627367652', '2029-06-13', 1, NULL, 20, 791),
(0, 'admin', '2023-06-24 23:50:49', NULL, NULL, NULL, NULL, '380658835', '837456097', '2029-06-13', 1, NULL, 20, 792),
(0, 'admin', '2023-06-24 23:50:49', NULL, NULL, NULL, NULL, '113420824', '150309560', '2029-06-13', 1, NULL, 20, 793),
(0, 'admin', '2023-06-24 23:50:49', NULL, NULL, NULL, NULL, '111569932', '106800538', '2029-06-13', 1, NULL, 20, 794),
(0, 'admin', '2023-06-24 23:50:49', NULL, NULL, NULL, NULL, '613105641', '718268100', '2029-06-13', 1, NULL, 20, 795),
(0, 'admin', '2023-06-24 23:50:49', NULL, NULL, NULL, NULL, '507495813', '776918412', '2029-06-13', 1, NULL, 20, 796),
(0, 'admin', '2023-06-24 23:50:49', NULL, NULL, NULL, NULL, '264972962', '242011043', '2029-06-13', 1, NULL, 20, 797),
(0, 'admin', '2023-06-24 23:50:49', NULL, NULL, NULL, NULL, '613484682', '584752159', '2029-06-13', 1, NULL, 20, 798),
(0, 'admin', '2023-06-24 23:50:49', NULL, NULL, NULL, NULL, '177014601', '386132218', '2029-06-13', 1, NULL, 20, 799),
(0, 'admin', '2023-06-24 23:50:49', NULL, NULL, NULL, NULL, '557576405', '184662387', '2029-06-13', 1, NULL, 20, 800),
(0, 'admin', '2023-06-24 23:50:49', NULL, NULL, NULL, NULL, '198115705', '909041472', '2029-06-13', 1, NULL, 21, 801),
(0, 'admin', '2023-06-24 23:50:49', NULL, NULL, NULL, NULL, '548451489', '854388622', '2029-06-13', 1, NULL, 21, 802),
(0, 'admin', '2023-06-24 23:50:49', NULL, NULL, NULL, NULL, '166912442', '716189825', '2029-06-13', 1, NULL, 21, 803),
(0, 'admin', '2023-06-24 23:50:49', NULL, NULL, NULL, NULL, '405169011', '753503730', '2029-06-13', 1, NULL, 21, 804),
(0, 'admin', '2023-06-24 23:50:49', NULL, NULL, NULL, NULL, '611644201', '507299243', '2029-06-13', 1, NULL, 21, 805),
(0, 'admin', '2023-06-24 23:50:49', NULL, NULL, NULL, NULL, '561262407', '872230535', '2029-06-13', 1, NULL, 21, 806),
(0, 'admin', '2023-06-24 23:50:49', NULL, NULL, NULL, NULL, '131250790', '795262069', '2029-06-13', 1, NULL, 21, 807),
(0, 'admin', '2023-06-24 23:50:49', NULL, NULL, NULL, NULL, '447047236', '150463965', '2029-06-13', 1, NULL, 21, 808),
(0, 'admin', '2023-06-24 23:50:49', NULL, NULL, NULL, NULL, '511824471', '513370246', '2029-06-13', 1, NULL, 21, 809),
(0, 'admin', '2023-06-24 23:50:49', NULL, NULL, NULL, NULL, '862342915', '592077079', '2029-06-13', 1, NULL, 21, 810),
(0, 'admin', '2023-06-24 23:50:49', NULL, NULL, NULL, NULL, '773786406', '948501225', '2029-06-13', 1, NULL, 21, 811),
(0, 'admin', '2023-06-24 23:50:49', NULL, NULL, NULL, NULL, '609440438', '454795553', '2029-06-13', 1, NULL, 21, 812),
(0, 'admin', '2023-06-24 23:50:49', NULL, NULL, NULL, NULL, '212180816', '299779687', '2029-06-13', 1, NULL, 21, 813),
(0, 'admin', '2023-06-24 23:50:49', NULL, NULL, NULL, NULL, '849887103', '691247139', '2029-06-13', 1, NULL, 21, 814),
(0, 'admin', '2023-06-24 23:50:49', NULL, NULL, NULL, NULL, '320300618', '351960559', '2029-06-13', 1, NULL, 21, 815),
(0, 'admin', '2023-06-24 23:50:49', NULL, NULL, NULL, NULL, '641557988', '418735813', '2029-06-13', 1, NULL, 21, 816),
(0, 'admin', '2023-06-24 23:50:49', NULL, NULL, NULL, NULL, '947388144', '657468603', '2029-06-13', 1, NULL, 21, 817),
(0, 'admin', '2023-06-24 23:50:49', NULL, NULL, NULL, NULL, '890705600', '473130947', '2029-06-13', 1, NULL, 21, 818),
(0, 'admin', '2023-06-24 23:50:49', NULL, NULL, NULL, NULL, '109744495', '870163538', '2029-06-13', 1, NULL, 21, 819),
(0, 'admin', '2023-06-24 23:50:49', NULL, NULL, NULL, NULL, '422622956', '546534183', '2029-06-13', 1, NULL, 21, 820),
(0, 'admin', '2023-06-24 23:50:49', NULL, NULL, NULL, NULL, '846539078', '815977222', '2029-06-13', 1, NULL, 21, 821),
(0, 'admin', '2023-06-24 23:50:49', NULL, NULL, NULL, NULL, '963391940', '921469369', '2029-06-13', 1, NULL, 21, 822),
(0, 'admin', '2023-06-24 23:50:49', NULL, NULL, NULL, NULL, '208029688', '775875884', '2029-06-13', 1, NULL, 21, 823),
(0, 'admin', '2023-06-24 23:50:49', NULL, NULL, NULL, NULL, '843915858', '397749597', '2029-06-13', 1, NULL, 21, 824),
(0, 'admin', '2023-06-24 23:50:49', NULL, NULL, NULL, NULL, '547093053', '935891112', '2029-06-13', 1, NULL, 21, 825),
(0, 'admin', '2023-06-24 23:50:49', NULL, NULL, NULL, NULL, '727916478', '982233288', '2029-06-13', 1, NULL, 21, 826),
(0, 'admin', '2023-06-24 23:50:49', NULL, NULL, NULL, NULL, '866559665', '698077018', '2029-06-13', 1, NULL, 21, 827),
(0, 'admin', '2023-06-24 23:50:49', NULL, NULL, NULL, NULL, '669222838', '747301774', '2029-06-13', 1, NULL, 21, 828),
(0, 'admin', '2023-06-24 23:50:49', NULL, NULL, NULL, NULL, '429476406', '484255147', '2029-06-13', 1, NULL, 21, 829),
(0, 'admin', '2023-06-24 23:50:49', NULL, NULL, NULL, NULL, '596347109', '661462259', '2029-06-13', 1, NULL, 21, 830),
(0, 'admin', '2023-06-24 23:50:49', NULL, NULL, NULL, NULL, '272718250', '923355931', '2029-06-13', 1, NULL, 22, 831),
(0, 'admin', '2023-06-24 23:50:49', NULL, NULL, NULL, NULL, '252447105', '381273261', '2029-06-13', 1, NULL, 22, 832),
(0, 'admin', '2023-06-24 23:50:49', NULL, NULL, NULL, NULL, '782471236', '686816994', '2029-06-13', 1, NULL, 22, 833),
(0, 'admin', '2023-06-24 23:50:49', NULL, NULL, NULL, NULL, '785893129', '253767724', '2029-06-13', 1, NULL, 22, 834),
(0, 'admin', '2023-06-24 23:50:49', NULL, NULL, NULL, NULL, '730986739', '153757040', '2029-06-13', 1, NULL, 22, 835),
(0, 'admin', '2023-06-24 23:50:49', NULL, NULL, NULL, NULL, '571392728', '699684871', '2029-06-13', 1, NULL, 22, 836),
(0, 'admin', '2023-06-24 23:50:49', NULL, NULL, NULL, NULL, '687199753', '934560600', '2029-06-13', 1, NULL, 22, 837),
(0, 'admin', '2023-06-24 23:50:49', NULL, NULL, NULL, NULL, '446358627', '859620944', '2029-06-13', 1, NULL, 22, 838),
(0, 'admin', '2023-06-24 23:50:49', NULL, NULL, NULL, NULL, '121645335', '880757413', '2029-06-13', 1, NULL, 22, 839),
(0, 'admin', '2023-06-24 23:50:49', NULL, NULL, NULL, NULL, '753595141', '773199885', '2029-06-13', 1, NULL, 22, 840),
(0, 'admin', '2023-06-24 23:50:49', NULL, NULL, NULL, NULL, '635641661', '933329241', '2029-06-13', 1, NULL, 22, 841),
(0, 'admin', '2023-06-24 23:50:49', NULL, NULL, NULL, NULL, '234871202', '511916150', '2029-06-13', 1, NULL, 22, 842),
(0, 'admin', '2023-06-24 23:50:49', NULL, NULL, NULL, NULL, '461016818', '500491921', '2029-06-13', 1, NULL, 22, 843),
(0, 'admin', '2023-06-24 23:50:49', NULL, NULL, NULL, NULL, '730644594', '428568845', '2029-06-13', 1, NULL, 22, 844),
(0, 'admin', '2023-06-24 23:50:49', NULL, NULL, NULL, NULL, '703771961', '509499727', '2029-06-13', 1, NULL, 22, 845),
(0, 'admin', '2023-06-24 23:50:49', NULL, NULL, NULL, NULL, '985357043', '794885518', '2029-06-13', 1, NULL, 22, 846),
(0, 'admin', '2023-06-24 23:50:49', NULL, NULL, NULL, NULL, '657388993', '515870692', '2029-06-13', 1, NULL, 22, 847),
(0, 'admin', '2023-06-24 23:50:49', NULL, NULL, NULL, NULL, '122658254', '816797668', '2029-06-13', 1, NULL, 22, 848),
(0, 'admin', '2023-06-24 23:50:49', NULL, NULL, NULL, NULL, '564770215', '108574631', '2029-06-13', 1, NULL, 22, 849),
(0, 'admin', '2023-06-24 23:50:49', NULL, NULL, NULL, NULL, '582901324', '577638099', '2029-06-13', 1, NULL, 22, 850),
(0, 'admin', '2023-06-24 23:50:49', NULL, NULL, NULL, NULL, '550582672', '886729618', '2029-06-13', 1, NULL, 22, 851),
(0, 'admin', '2023-06-24 23:50:49', NULL, NULL, NULL, NULL, '760759900', '271739174', '2029-06-13', 1, NULL, 22, 852),
(0, 'admin', '2023-06-24 23:50:49', NULL, NULL, NULL, NULL, '249007339', '879646718', '2029-06-13', 1, NULL, 22, 853),
(0, 'admin', '2023-06-24 23:50:49', NULL, NULL, NULL, NULL, '533192169', '990562416', '2029-06-13', 1, NULL, 22, 854),
(0, 'admin', '2023-06-24 23:50:49', NULL, NULL, NULL, NULL, '679231483', '168862197', '2029-06-13', 1, NULL, 22, 855),
(0, 'admin', '2023-06-24 23:50:49', NULL, NULL, NULL, NULL, '324592166', '632211041', '2029-06-13', 1, NULL, 22, 856),
(0, 'admin', '2023-06-24 23:50:49', NULL, NULL, NULL, NULL, '491136239', '356908069', '2029-06-13', 1, NULL, 22, 857),
(0, 'admin', '2023-06-24 23:50:49', NULL, NULL, NULL, NULL, '437234629', '239180822', '2029-06-13', 1, NULL, 22, 858),
(0, 'admin', '2023-06-24 23:50:49', NULL, NULL, NULL, NULL, '235139578', '583488313', '2029-06-13', 1, NULL, 22, 859),
(0, 'admin', '2023-06-24 23:50:49', NULL, NULL, NULL, NULL, '187862307', '564163214', '2029-06-13', 1, NULL, 22, 860),
(0, 'admin', '2023-06-24 23:50:49', NULL, NULL, NULL, NULL, '107825616', '784926488', '2029-06-13', 1, NULL, 23, 861),
(0, 'admin', '2023-06-24 23:50:49', NULL, NULL, NULL, NULL, '358374304', '419289197', '2029-06-13', 1, NULL, 23, 862),
(0, 'admin', '2023-06-24 23:50:49', NULL, NULL, NULL, NULL, '602468298', '160151800', '2029-06-13', 1, NULL, 23, 863),
(0, 'admin', '2023-06-24 23:50:49', NULL, NULL, NULL, NULL, '149333470', '369612685', '2029-06-13', 1, NULL, 23, 864),
(0, 'admin', '2023-06-24 23:50:49', NULL, NULL, NULL, NULL, '171878888', '258705968', '2029-06-13', 1, NULL, 23, 865),
(0, 'admin', '2023-06-24 23:50:49', NULL, NULL, NULL, NULL, '996339406', '196518954', '2029-06-13', 1, NULL, 23, 866),
(0, 'admin', '2023-06-24 23:50:49', NULL, NULL, NULL, NULL, '887967555', '313149623', '2029-06-13', 1, NULL, 23, 867),
(0, 'admin', '2023-06-24 23:50:49', NULL, NULL, NULL, NULL, '337212883', '157648735', '2029-06-13', 1, NULL, 23, 868),
(0, 'admin', '2023-06-24 23:50:49', NULL, NULL, NULL, NULL, '892428828', '870401292', '2029-06-13', 1, NULL, 23, 869),
(0, 'admin', '2023-06-24 23:50:49', NULL, NULL, NULL, NULL, '569819938', '674837185', '2029-06-13', 1, NULL, 23, 870),
(0, 'admin', '2023-06-24 23:50:49', NULL, NULL, NULL, NULL, '552938050', '100212518', '2029-06-13', 1, NULL, 23, 871),
(0, 'admin', '2023-06-24 23:50:49', NULL, NULL, NULL, NULL, '788479510', '520134481', '2029-06-13', 1, NULL, 23, 872),
(0, 'admin', '2023-06-24 23:50:49', NULL, NULL, NULL, NULL, '341387377', '728965329', '2029-06-13', 1, NULL, 23, 873),
(0, 'admin', '2023-06-24 23:50:49', NULL, NULL, NULL, NULL, '580897378', '280025655', '2029-06-13', 1, NULL, 23, 874),
(0, 'admin', '2023-06-24 23:50:49', NULL, NULL, NULL, NULL, '527829748', '848586119', '2029-06-13', 1, NULL, 23, 875),
(0, 'admin', '2023-06-24 23:50:49', NULL, NULL, NULL, NULL, '361939282', '756739597', '2029-06-13', 1, NULL, 23, 876),
(0, 'admin', '2023-06-24 23:50:49', NULL, NULL, NULL, NULL, '333368255', '262381630', '2029-06-13', 1, NULL, 23, 877),
(0, 'admin', '2023-06-24 23:50:49', NULL, NULL, NULL, NULL, '906329645', '517152896', '2029-06-13', 1, NULL, 23, 878),
(0, 'admin', '2023-06-24 23:50:49', NULL, NULL, NULL, NULL, '112105732', '463893471', '2029-06-13', 1, NULL, 23, 879),
(0, 'admin', '2023-06-24 23:50:49', NULL, NULL, NULL, NULL, '592496398', '907977239', '2029-06-13', 1, NULL, 23, 880),
(0, 'admin', '2023-06-24 23:50:49', NULL, NULL, NULL, NULL, '113608113', '824501530', '2029-06-13', 1, NULL, 23, 881),
(0, 'admin', '2023-06-24 23:50:49', NULL, NULL, NULL, NULL, '187848995', '587245268', '2029-06-13', 1, NULL, 23, 882),
(0, 'admin', '2023-06-24 23:50:49', NULL, NULL, NULL, NULL, '122101128', '883150460', '2029-06-13', 1, NULL, 23, 883),
(0, 'admin', '2023-06-24 23:50:49', NULL, NULL, NULL, NULL, '967792803', '433893176', '2029-06-13', 1, NULL, 23, 884),
(0, 'admin', '2023-06-24 23:50:49', NULL, NULL, NULL, NULL, '505984364', '469634966', '2029-06-13', 1, NULL, 23, 885),
(0, 'admin', '2023-06-24 23:50:49', NULL, NULL, NULL, NULL, '724287632', '259899990', '2029-06-13', 1, NULL, 23, 886),
(0, 'admin', '2023-06-24 23:50:49', NULL, NULL, NULL, NULL, '989979246', '975564445', '2029-06-13', 1, NULL, 23, 887),
(0, 'admin', '2023-06-24 23:50:49', NULL, NULL, NULL, NULL, '343034898', '710783450', '2029-06-13', 1, NULL, 23, 888),
(0, 'admin', '2023-06-24 23:50:49', NULL, NULL, NULL, NULL, '313515233', '847379956', '2029-06-13', 1, NULL, 23, 889),
(0, 'admin', '2023-06-24 23:50:49', NULL, NULL, NULL, NULL, '703979842', '546218294', '2029-06-13', 1, NULL, 23, 890),
(0, 'admin', '2023-06-24 23:50:49', NULL, NULL, NULL, NULL, '224522627', '643025305', '2029-06-13', 0, 13, 24, 891),
(0, 'admin', '2023-06-24 23:50:49', NULL, NULL, NULL, NULL, '676918899', '958058623', '2029-06-13', 0, 14, 24, 892),
(0, 'admin', '2023-06-24 23:50:49', NULL, NULL, NULL, NULL, '167095135', '439209315', '2029-06-13', 0, 14, 24, 893),
(0, 'admin', '2023-06-24 23:50:49', NULL, NULL, NULL, NULL, '929436550', '532842999', '2029-06-13', 0, 14, 24, 894),
(0, 'admin', '2023-06-24 23:50:49', NULL, NULL, NULL, NULL, '863851579', '159396221', '2029-06-13', 1, NULL, 24, 895),
(0, 'admin', '2023-06-24 23:50:49', NULL, NULL, NULL, NULL, '793110781', '524345041', '2029-06-13', 1, NULL, 24, 896),
(0, 'admin', '2023-06-24 23:50:49', NULL, NULL, NULL, NULL, '236635952', '523939160', '2029-06-13', 1, NULL, 24, 897),
(0, 'admin', '2023-06-24 23:50:49', NULL, NULL, NULL, NULL, '227490448', '499471054', '2029-06-13', 1, NULL, 24, 898),
(0, 'admin', '2023-06-24 23:50:49', NULL, NULL, NULL, NULL, '685228150', '247449849', '2029-06-13', 1, NULL, 24, 899),
(0, 'admin', '2023-06-24 23:50:49', NULL, NULL, NULL, NULL, '370007268', '646008916', '2029-06-13', 1, NULL, 24, 900),
(0, 'admin', '2023-06-24 23:50:49', NULL, NULL, NULL, NULL, '780089368', '360931506', '2029-06-13', 1, NULL, 24, 901),
(0, 'admin', '2023-06-24 23:50:49', NULL, NULL, NULL, NULL, '996154525', '974987238', '2029-06-13', 1, NULL, 24, 902),
(0, 'admin', '2023-06-24 23:50:49', NULL, NULL, NULL, NULL, '716209627', '647891355', '2029-06-13', 1, NULL, 24, 903),
(0, 'admin', '2023-06-24 23:50:49', NULL, NULL, NULL, NULL, '470863011', '704637041', '2029-06-13', 1, NULL, 24, 904),
(0, 'admin', '2023-06-24 23:50:49', NULL, NULL, NULL, NULL, '503455679', '434249726', '2029-06-13', 1, NULL, 24, 905),
(0, 'admin', '2023-06-24 23:50:49', NULL, NULL, NULL, NULL, '787739281', '432480296', '2029-06-13', 1, NULL, 24, 906),
(0, 'admin', '2023-06-24 23:50:49', NULL, NULL, NULL, NULL, '735930063', '532360701', '2029-06-13', 1, NULL, 24, 907),
(0, 'admin', '2023-06-24 23:50:49', NULL, NULL, NULL, NULL, '664630817', '443619983', '2029-06-13', 1, NULL, 24, 908),
(0, 'admin', '2023-06-24 23:50:49', NULL, NULL, NULL, NULL, '864971300', '941054532', '2029-06-13', 1, NULL, 24, 909),
(0, 'admin', '2023-06-24 23:50:49', NULL, NULL, NULL, NULL, '796395915', '299762591', '2029-06-13', 1, NULL, 24, 910),
(0, 'admin', '2023-06-24 23:50:49', NULL, NULL, NULL, NULL, '762004000', '738956940', '2029-06-13', 1, NULL, 24, 911),
(0, 'admin', '2023-06-24 23:50:49', NULL, NULL, NULL, NULL, '381253301', '549555967', '2029-06-13', 1, NULL, 24, 912),
(0, 'admin', '2023-06-24 23:50:49', NULL, NULL, NULL, NULL, '323670021', '176319498', '2029-06-13', 1, NULL, 24, 913),
(0, 'admin', '2023-06-24 23:50:49', NULL, NULL, NULL, NULL, '547792971', '110692960', '2029-06-13', 1, NULL, 24, 914),
(0, 'admin', '2023-06-24 23:50:49', NULL, NULL, NULL, NULL, '322076366', '714369067', '2029-06-13', 1, NULL, 24, 915),
(0, 'admin', '2023-06-24 23:50:49', NULL, NULL, NULL, NULL, '536484942', '580954807', '2029-06-13', 1, NULL, 24, 916),
(0, 'admin', '2023-06-24 23:50:49', NULL, NULL, NULL, NULL, '823667583', '608057183', '2029-06-13', 1, NULL, 24, 917),
(0, 'admin', '2023-06-24 23:50:49', NULL, NULL, NULL, NULL, '858851931', '199845654', '2029-06-13', 1, NULL, 24, 918),
(0, 'admin', '2023-06-24 23:50:49', NULL, NULL, NULL, NULL, '679705003', '175644196', '2029-06-13', 1, NULL, 24, 919),
(0, 'admin', '2023-06-24 23:50:49', NULL, NULL, NULL, NULL, '374345029', '104518910', '2029-06-13', 1, NULL, 24, 920),
(0, 'admin', '2023-06-24 23:50:49', NULL, NULL, NULL, NULL, '404760614', '399977533', '2029-06-13', 0, 22, 25, 921),
(0, 'admin', '2023-06-24 23:50:49', NULL, NULL, NULL, NULL, '763884992', '985648109', '2029-06-13', 1, NULL, 25, 922),
(0, 'admin', '2023-06-24 23:50:49', NULL, NULL, NULL, NULL, '240297365', '262666758', '2029-06-13', 1, NULL, 25, 923),
(0, 'admin', '2023-06-24 23:50:49', NULL, NULL, NULL, NULL, '324785043', '207443450', '2029-06-13', 1, NULL, 25, 924),
(0, 'admin', '2023-06-24 23:50:49', NULL, NULL, NULL, NULL, '112803853', '669082388', '2029-06-13', 1, NULL, 25, 925),
(0, 'admin', '2023-06-24 23:50:49', NULL, NULL, NULL, NULL, '515379398', '930857338', '2029-06-13', 1, NULL, 25, 926),
(0, 'admin', '2023-06-24 23:50:49', NULL, NULL, NULL, NULL, '517247398', '374480774', '2029-06-13', 1, NULL, 25, 927),
(0, 'admin', '2023-06-24 23:50:49', NULL, NULL, NULL, NULL, '862142304', '379799522', '2029-06-13', 1, NULL, 25, 928),
(0, 'admin', '2023-06-24 23:50:49', NULL, NULL, NULL, NULL, '434214032', '695366414', '2029-06-13', 1, NULL, 25, 929),
(0, 'admin', '2023-06-24 23:50:49', NULL, NULL, NULL, NULL, '715920194', '750322273', '2029-06-13', 1, NULL, 25, 930),
(0, 'admin', '2023-06-24 23:50:49', NULL, NULL, NULL, NULL, '356671060', '438800465', '2029-06-13', 1, NULL, 25, 931),
(0, 'admin', '2023-06-24 23:50:49', NULL, NULL, NULL, NULL, '269647483', '799543743', '2029-06-13', 1, NULL, 25, 932),
(0, 'admin', '2023-06-24 23:50:49', NULL, NULL, NULL, NULL, '572891378', '869631412', '2029-06-13', 1, NULL, 25, 933),
(0, 'admin', '2023-06-24 23:50:49', NULL, NULL, NULL, NULL, '376503934', '789518063', '2029-06-13', 1, NULL, 25, 934),
(0, 'admin', '2023-06-24 23:50:49', NULL, NULL, NULL, NULL, '147735685', '915158164', '2029-06-13', 1, NULL, 25, 935),
(0, 'admin', '2023-06-24 23:50:49', NULL, NULL, NULL, NULL, '454090962', '976146698', '2029-06-13', 1, NULL, 25, 936),
(0, 'admin', '2023-06-24 23:50:49', NULL, NULL, NULL, NULL, '801852733', '444878917', '2029-06-13', 1, NULL, 25, 937),
(0, 'admin', '2023-06-24 23:50:49', NULL, NULL, NULL, NULL, '319355715', '475824237', '2029-06-13', 1, NULL, 25, 938),
(0, 'admin', '2023-06-24 23:50:49', NULL, NULL, NULL, NULL, '657540910', '297458172', '2029-06-13', 1, NULL, 25, 939),
(0, 'admin', '2023-06-24 23:50:49', NULL, NULL, NULL, NULL, '306726620', '522505436', '2029-06-13', 1, NULL, 25, 940),
(0, 'admin', '2023-06-24 23:50:49', NULL, NULL, NULL, NULL, '361737932', '459017212', '2029-06-13', 1, NULL, 25, 941),
(0, 'admin', '2023-06-24 23:50:49', NULL, NULL, NULL, NULL, '448154554', '621351521', '2029-06-13', 1, NULL, 25, 942),
(0, 'admin', '2023-06-24 23:50:49', NULL, NULL, NULL, NULL, '809936537', '388190380', '2029-06-13', 1, NULL, 25, 943),
(0, 'admin', '2023-06-24 23:50:49', NULL, NULL, NULL, NULL, '278356514', '428192336', '2029-06-13', 1, NULL, 25, 944),
(0, 'admin', '2023-06-24 23:50:49', NULL, NULL, NULL, NULL, '992616708', '789242075', '2029-06-13', 1, NULL, 25, 945),
(0, 'admin', '2023-06-24 23:50:49', NULL, NULL, NULL, NULL, '295884615', '999481443', '2029-06-13', 1, NULL, 25, 946),
(0, 'admin', '2023-06-24 23:50:49', NULL, NULL, NULL, NULL, '542325164', '665512578', '2029-06-13', 1, NULL, 25, 947),
(0, 'admin', '2023-06-24 23:50:49', NULL, NULL, NULL, NULL, '587029104', '748370424', '2029-06-13', 1, NULL, 25, 948),
(0, 'admin', '2023-06-24 23:50:49', NULL, NULL, NULL, NULL, '961057925', '436400580', '2029-06-13', 1, NULL, 25, 949),
(0, 'admin', '2023-06-24 23:50:49', NULL, NULL, NULL, NULL, '246072898', '984233237', '2029-06-13', 1, NULL, 25, 950),
(0, 'admin', '2023-06-24 23:54:28', NULL, NULL, NULL, NULL, '458300331', '598242638', '2029-06-13', 1, NULL, 26, 951),
(0, 'admin', '2023-06-24 23:54:28', NULL, NULL, NULL, NULL, '452308954', '546991077', '2029-06-13', 1, NULL, 26, 952),
(0, 'admin', '2023-06-24 23:54:28', NULL, NULL, NULL, NULL, '416102008', '896781910', '2029-06-13', 1, NULL, 26, 953),
(0, 'admin', '2023-06-24 23:54:28', NULL, NULL, NULL, NULL, '359783316', '536589474', '2029-06-13', 1, NULL, 26, 954),
(0, 'admin', '2023-06-24 23:54:28', NULL, NULL, NULL, NULL, '173852216', '888918911', '2029-06-13', 1, NULL, 26, 955),
(0, 'admin', '2023-06-24 23:54:28', NULL, NULL, NULL, NULL, '336316351', '138693911', '2029-06-13', 1, NULL, 26, 956),
(0, 'admin', '2023-06-24 23:54:28', NULL, NULL, NULL, NULL, '158952754', '151269737', '2029-06-13', 1, NULL, 26, 957),
(0, 'admin', '2023-06-24 23:54:28', NULL, NULL, NULL, NULL, '153407374', '203784019', '2029-06-13', 1, NULL, 26, 958),
(0, 'admin', '2023-06-24 23:54:28', NULL, NULL, NULL, NULL, '122163597', '664532621', '2029-06-13', 1, NULL, 26, 959),
(0, 'admin', '2023-06-24 23:54:28', NULL, NULL, NULL, NULL, '347163340', '655707721', '2029-06-13', 1, NULL, 26, 960),
(0, 'admin', '2023-06-24 23:54:28', NULL, NULL, NULL, NULL, '567285798', '446238901', '2029-06-13', 1, NULL, 26, 961),
(0, 'admin', '2023-06-24 23:54:28', NULL, NULL, NULL, NULL, '674339463', '992348541', '2029-06-13', 1, NULL, 26, 962),
(0, 'admin', '2023-06-24 23:54:28', NULL, NULL, NULL, NULL, '914469403', '220428519', '2029-06-13', 1, NULL, 26, 963),
(0, 'admin', '2023-06-24 23:54:28', NULL, NULL, NULL, NULL, '110086076', '718251983', '2029-06-13', 1, NULL, 26, 964),
(0, 'admin', '2023-06-24 23:54:28', NULL, NULL, NULL, NULL, '225051488', '496789380', '2029-06-13', 1, NULL, 26, 965),
(0, 'admin', '2023-06-24 23:54:28', NULL, NULL, NULL, NULL, '326105959', '383334367', '2029-06-13', 1, NULL, 26, 966),
(0, 'admin', '2023-06-24 23:54:28', NULL, NULL, NULL, NULL, '229897485', '288030396', '2029-06-13', 1, NULL, 26, 967),
(0, 'admin', '2023-06-24 23:54:28', NULL, NULL, NULL, NULL, '222299656', '129362423', '2029-06-13', 1, NULL, 26, 968),
(0, 'admin', '2023-06-24 23:54:28', NULL, NULL, NULL, NULL, '812325763', '111783779', '2029-06-13', 1, NULL, 26, 969),
(0, 'admin', '2023-06-24 23:54:28', NULL, NULL, NULL, NULL, '134301964', '460753713', '2029-06-13', 1, NULL, 26, 970),
(0, 'admin', '2023-06-24 23:54:28', NULL, NULL, NULL, NULL, '922181956', '449018818', '2029-06-13', 1, NULL, 26, 971),
(0, 'admin', '2023-06-24 23:54:28', NULL, NULL, NULL, NULL, '631255465', '496094991', '2029-06-13', 1, NULL, 26, 972),
(0, 'admin', '2023-06-24 23:54:28', NULL, NULL, NULL, NULL, '928576139', '843071741', '2029-06-13', 1, NULL, 26, 973),
(0, 'admin', '2023-06-24 23:54:28', NULL, NULL, NULL, NULL, '616524150', '714245674', '2029-06-13', 1, NULL, 26, 974),
(0, 'admin', '2023-06-24 23:54:28', NULL, NULL, NULL, NULL, '228230192', '516919909', '2029-06-13', 1, NULL, 26, 975),
(0, 'admin', '2023-06-24 23:54:28', NULL, NULL, NULL, NULL, '781343853', '300228563', '2029-06-13', 1, NULL, 26, 976),
(0, 'admin', '2023-06-24 23:54:28', NULL, NULL, NULL, NULL, '637669673', '169729880', '2029-06-13', 1, NULL, 26, 977),
(0, 'admin', '2023-06-24 23:54:28', NULL, NULL, NULL, NULL, '936991921', '839480051', '2029-06-13', 1, NULL, 26, 978),
(0, 'admin', '2023-06-24 23:54:28', NULL, NULL, NULL, NULL, '682093093', '112231756', '2029-06-13', 1, NULL, 26, 979),
(0, 'admin', '2023-06-24 23:54:28', NULL, NULL, NULL, NULL, '712246260', '941400356', '2029-06-13', 1, NULL, 26, 980),
(0, 'admin', '2023-06-24 23:54:28', NULL, NULL, NULL, NULL, '977341447', '749683182', '2029-06-13', 1, NULL, 27, 981),
(0, 'admin', '2023-06-24 23:54:28', NULL, NULL, NULL, NULL, '646945249', '185561097', '2029-06-13', 1, NULL, 27, 982),
(0, 'admin', '2023-06-24 23:54:28', NULL, NULL, NULL, NULL, '636153886', '454422276', '2029-06-13', 1, NULL, 27, 983),
(0, 'admin', '2023-06-24 23:54:28', NULL, NULL, NULL, NULL, '809554322', '832867536', '2029-06-13', 1, NULL, 27, 984),
(0, 'admin', '2023-06-24 23:54:28', NULL, NULL, NULL, NULL, '630530598', '882149626', '2029-06-13', 1, NULL, 27, 985),
(0, 'admin', '2023-06-24 23:54:28', NULL, NULL, NULL, NULL, '835824955', '524678445', '2029-06-13', 1, NULL, 27, 986),
(0, 'admin', '2023-06-24 23:54:28', NULL, NULL, NULL, NULL, '888434461', '586030784', '2029-06-13', 1, NULL, 27, 987),
(0, 'admin', '2023-06-24 23:54:28', NULL, NULL, NULL, NULL, '320185835', '257101463', '2029-06-13', 1, NULL, 27, 988),
(0, 'admin', '2023-06-24 23:54:28', NULL, NULL, NULL, NULL, '927901853', '869383324', '2029-06-13', 1, NULL, 27, 989),
(0, 'admin', '2023-06-24 23:54:28', NULL, NULL, NULL, NULL, '524364654', '715199261', '2029-06-13', 1, NULL, 27, 990),
(0, 'admin', '2023-06-24 23:54:28', NULL, NULL, NULL, NULL, '937725990', '532343166', '2029-06-13', 1, NULL, 27, 991),
(0, 'admin', '2023-06-24 23:54:28', NULL, NULL, NULL, NULL, '495139484', '770753240', '2029-06-13', 1, NULL, 27, 992),
(0, 'admin', '2023-06-24 23:54:28', NULL, NULL, NULL, NULL, '402095550', '596815088', '2029-06-13', 1, NULL, 27, 993),
(0, 'admin', '2023-06-24 23:54:28', NULL, NULL, NULL, NULL, '943088943', '218573875', '2029-06-13', 1, NULL, 27, 994),
(0, 'admin', '2023-06-24 23:54:28', NULL, NULL, NULL, NULL, '881388701', '299885936', '2029-06-13', 1, NULL, 27, 995),
(0, 'admin', '2023-06-24 23:54:28', NULL, NULL, NULL, NULL, '653398432', '477652792', '2029-06-13', 1, NULL, 27, 996),
(0, 'admin', '2023-06-24 23:54:28', NULL, NULL, NULL, NULL, '935159540', '981666597', '2029-06-13', 1, NULL, 27, 997),
(0, 'admin', '2023-06-24 23:54:28', NULL, NULL, NULL, NULL, '162496530', '818081041', '2029-06-13', 1, NULL, 27, 998),
(0, 'admin', '2023-06-24 23:54:28', NULL, NULL, NULL, NULL, '457305238', '503248569', '2029-06-13', 1, NULL, 27, 999),
(0, 'admin', '2023-06-24 23:54:28', NULL, NULL, NULL, NULL, '598016444', '966298165', '2029-06-13', 1, NULL, 27, 1000),
(0, 'admin', '2023-06-24 23:54:28', NULL, NULL, NULL, NULL, '639440778', '272646492', '2029-06-13', 1, NULL, 27, 1001),
(0, 'admin', '2023-06-24 23:54:28', NULL, NULL, NULL, NULL, '615940709', '644956052', '2029-06-13', 1, NULL, 27, 1002),
(0, 'admin', '2023-06-24 23:54:28', NULL, NULL, NULL, NULL, '389113170', '174654924', '2029-06-13', 1, NULL, 27, 1003),
(0, 'admin', '2023-06-24 23:54:28', NULL, NULL, NULL, NULL, '817368877', '748933711', '2029-06-13', 1, NULL, 27, 1004),
(0, 'admin', '2023-06-24 23:54:28', NULL, NULL, NULL, NULL, '766841203', '173506266', '2029-06-13', 1, NULL, 27, 1005),
(0, 'admin', '2023-06-24 23:54:28', NULL, NULL, NULL, NULL, '164821206', '269456875', '2029-06-13', 1, NULL, 27, 1006),
(0, 'admin', '2023-06-24 23:54:28', NULL, NULL, NULL, NULL, '296364047', '710194993', '2029-06-13', 1, NULL, 27, 1007),
(0, 'admin', '2023-06-24 23:54:28', NULL, NULL, NULL, NULL, '869517787', '269487975', '2029-06-13', 1, NULL, 27, 1008),
(0, 'admin', '2023-06-24 23:54:28', NULL, NULL, NULL, NULL, '151079922', '123093010', '2029-06-13', 1, NULL, 27, 1009),
(0, 'admin', '2023-06-24 23:54:28', NULL, NULL, NULL, NULL, '970547783', '719398128', '2029-06-13', 1, NULL, 27, 1010),
(0, 'admin', '2023-06-24 23:54:28', NULL, NULL, NULL, NULL, '724510004', '616174794', '2029-06-13', 1, NULL, 28, 1011),
(0, 'admin', '2023-06-24 23:54:28', NULL, NULL, NULL, NULL, '206206580', '583649413', '2029-06-13', 1, NULL, 28, 1012),
(0, 'admin', '2023-06-24 23:54:28', NULL, NULL, NULL, NULL, '363385870', '148448479', '2029-06-13', 1, NULL, 28, 1013),
(0, 'admin', '2023-06-24 23:54:28', NULL, NULL, NULL, NULL, '795230401', '663859244', '2029-06-13', 1, NULL, 28, 1014),
(0, 'admin', '2023-06-24 23:54:28', NULL, NULL, NULL, NULL, '885517921', '732592680', '2029-06-13', 1, NULL, 28, 1015),
(0, 'admin', '2023-06-24 23:54:28', NULL, NULL, NULL, NULL, '353475549', '976806852', '2029-06-13', 1, NULL, 28, 1016),
(0, 'admin', '2023-06-24 23:54:28', NULL, NULL, NULL, NULL, '118267016', '581865405', '2029-06-13', 1, NULL, 28, 1017),
(0, 'admin', '2023-06-24 23:54:28', NULL, NULL, NULL, NULL, '621894661', '948485036', '2029-06-13', 1, NULL, 28, 1018),
(0, 'admin', '2023-06-24 23:54:28', NULL, NULL, NULL, NULL, '829441723', '341767258', '2029-06-13', 1, NULL, 28, 1019),
(0, 'admin', '2023-06-24 23:54:28', NULL, NULL, NULL, NULL, '811091027', '133225753', '2029-06-13', 1, NULL, 28, 1020),
(0, 'admin', '2023-06-24 23:54:28', NULL, NULL, NULL, NULL, '176561732', '916374035', '2029-06-13', 1, NULL, 28, 1021),
(0, 'admin', '2023-06-24 23:54:28', NULL, NULL, NULL, NULL, '561755686', '716834957', '2029-06-13', 1, NULL, 28, 1022),
(0, 'admin', '2023-06-24 23:54:28', NULL, NULL, NULL, NULL, '277485795', '397816227', '2029-06-13', 1, NULL, 28, 1023),
(0, 'admin', '2023-06-24 23:54:28', NULL, NULL, NULL, NULL, '754301571', '770704388', '2029-06-13', 1, NULL, 28, 1024),
(0, 'admin', '2023-06-24 23:54:28', NULL, NULL, NULL, NULL, '225636536', '154540813', '2029-06-13', 1, NULL, 28, 1025),
(0, 'admin', '2023-06-24 23:54:28', NULL, NULL, NULL, NULL, '621706433', '661077277', '2029-06-13', 1, NULL, 28, 1026),
(0, 'admin', '2023-06-24 23:54:28', NULL, NULL, NULL, NULL, '479863126', '956056209', '2029-06-13', 1, NULL, 28, 1027),
(0, 'admin', '2023-06-24 23:54:28', NULL, NULL, NULL, NULL, '109847099', '787529285', '2029-06-13', 1, NULL, 28, 1028),
(0, 'admin', '2023-06-24 23:54:28', NULL, NULL, NULL, NULL, '220039600', '808577713', '2029-06-13', 1, NULL, 28, 1029),
(0, 'admin', '2023-06-24 23:54:28', NULL, NULL, NULL, NULL, '644589152', '780296703', '2029-06-13', 1, NULL, 28, 1030),
(0, 'admin', '2023-06-24 23:54:28', NULL, NULL, NULL, NULL, '197184914', '129685934', '2029-06-13', 1, NULL, 28, 1031),
(0, 'admin', '2023-06-24 23:54:28', NULL, NULL, NULL, NULL, '551129935', '244413620', '2029-06-13', 1, NULL, 28, 1032),
(0, 'admin', '2023-06-24 23:54:28', NULL, NULL, NULL, NULL, '581895114', '985180913', '2029-06-13', 1, NULL, 28, 1033),
(0, 'admin', '2023-06-24 23:54:28', NULL, NULL, NULL, NULL, '728447377', '466759545', '2029-06-13', 1, NULL, 28, 1034),
(0, 'admin', '2023-06-24 23:54:28', NULL, NULL, NULL, NULL, '865117468', '276520026', '2029-06-13', 1, NULL, 28, 1035),
(0, 'admin', '2023-06-24 23:54:28', NULL, NULL, NULL, NULL, '315348943', '939432247', '2029-06-13', 1, NULL, 28, 1036),
(0, 'admin', '2023-06-24 23:54:28', NULL, NULL, NULL, NULL, '188237441', '735439739', '2029-06-13', 1, NULL, 28, 1037),
(0, 'admin', '2023-06-24 23:54:28', NULL, NULL, NULL, NULL, '277621977', '942066025', '2029-06-13', 1, NULL, 28, 1038),
(0, 'admin', '2023-06-24 23:54:28', NULL, NULL, NULL, NULL, '366349489', '350399043', '2029-06-13', 1, NULL, 28, 1039),
(0, 'admin', '2023-06-24 23:54:28', NULL, NULL, NULL, NULL, '288572840', '907294130', '2029-06-13', 1, NULL, 28, 1040),
(0, 'admin', '2023-06-24 23:54:28', NULL, NULL, NULL, NULL, '172388874', '843964988', '2029-06-13', 1, NULL, 29, 1041),
(0, 'admin', '2023-06-24 23:54:28', NULL, NULL, NULL, NULL, '104710283', '790729916', '2029-06-13', 1, NULL, 29, 1042),
(0, 'admin', '2023-06-24 23:54:28', NULL, NULL, NULL, NULL, '957615749', '924593224', '2029-06-13', 1, NULL, 29, 1043),
(0, 'admin', '2023-06-24 23:54:28', NULL, NULL, NULL, NULL, '959047490', '720738404', '2029-06-13', 1, NULL, 29, 1044),
(0, 'admin', '2023-06-24 23:54:28', NULL, NULL, NULL, NULL, '144182537', '735620044', '2029-06-13', 1, NULL, 29, 1045),
(0, 'admin', '2023-06-24 23:54:28', NULL, NULL, NULL, NULL, '977940509', '164852392', '2029-06-13', 1, NULL, 29, 1046),
(0, 'admin', '2023-06-24 23:54:28', NULL, NULL, NULL, NULL, '726482725', '128907272', '2029-06-13', 1, NULL, 29, 1047),
(0, 'admin', '2023-06-24 23:54:28', NULL, NULL, NULL, NULL, '778382626', '344102807', '2029-06-13', 1, NULL, 29, 1048),
(0, 'admin', '2023-06-24 23:54:28', NULL, NULL, NULL, NULL, '253831051', '117634757', '2029-06-13', 1, NULL, 29, 1049),
(0, 'admin', '2023-06-24 23:54:28', NULL, NULL, NULL, NULL, '565672508', '132857957', '2029-06-13', 1, NULL, 29, 1050),
(0, 'admin', '2023-06-24 23:54:28', NULL, NULL, NULL, NULL, '143465492', '396420225', '2029-06-13', 1, NULL, 29, 1051),
(0, 'admin', '2023-06-24 23:54:28', NULL, NULL, NULL, NULL, '867218327', '234157164', '2029-06-13', 1, NULL, 29, 1052),
(0, 'admin', '2023-06-24 23:54:28', NULL, NULL, NULL, NULL, '611679928', '563081938', '2029-06-13', 1, NULL, 29, 1053);
INSERT INTO `storage` (`isDeleted`, `createdBy`, `createdAt`, `updatedAt`, `updatedBy`, `deletedAt`, `deletedBy`, `seri`, `code`, `exp`, `status`, `order_id`, `product`, `id`) VALUES
(0, 'admin', '2023-06-24 23:54:28', NULL, NULL, NULL, NULL, '584361309', '636857205', '2029-06-13', 1, NULL, 29, 1054),
(0, 'admin', '2023-06-24 23:54:28', NULL, NULL, NULL, NULL, '517245227', '586976296', '2029-06-13', 1, NULL, 29, 1055),
(0, 'admin', '2023-06-24 23:54:28', NULL, NULL, NULL, NULL, '339648670', '661015472', '2029-06-13', 1, NULL, 29, 1056),
(0, 'admin', '2023-06-24 23:54:28', NULL, NULL, NULL, NULL, '432306864', '482906286', '2029-06-13', 1, NULL, 29, 1057),
(0, 'admin', '2023-06-24 23:54:28', NULL, NULL, NULL, NULL, '369637552', '247103679', '2029-06-13', 1, NULL, 29, 1058),
(0, 'admin', '2023-06-24 23:54:28', NULL, NULL, NULL, NULL, '749355819', '517553632', '2029-06-13', 1, NULL, 29, 1059),
(0, 'admin', '2023-06-24 23:54:28', NULL, NULL, NULL, NULL, '865788512', '465813843', '2029-06-13', 1, NULL, 29, 1060),
(0, 'admin', '2023-06-24 23:54:28', NULL, NULL, NULL, NULL, '594961194', '933420772', '2029-06-13', 1, NULL, 29, 1061),
(0, 'admin', '2023-06-24 23:54:28', NULL, NULL, NULL, NULL, '284973292', '115267432', '2029-06-13', 1, NULL, 29, 1062),
(0, 'admin', '2023-06-24 23:54:28', NULL, NULL, NULL, NULL, '770062245', '929909624', '2029-06-13', 1, NULL, 29, 1063),
(0, 'admin', '2023-06-24 23:54:28', NULL, NULL, NULL, NULL, '406138231', '349516072', '2029-06-13', 1, NULL, 29, 1064),
(0, 'admin', '2023-06-24 23:54:28', NULL, NULL, NULL, NULL, '574157587', '150027153', '2029-06-13', 1, NULL, 29, 1065),
(0, 'admin', '2023-06-24 23:54:28', NULL, NULL, NULL, NULL, '645254317', '432997742', '2029-06-13', 1, NULL, 29, 1066),
(0, 'admin', '2023-06-24 23:54:28', NULL, NULL, NULL, NULL, '945420945', '892177758', '2029-06-13', 1, NULL, 29, 1067),
(0, 'admin', '2023-06-24 23:54:28', NULL, NULL, NULL, NULL, '200522313', '627430855', '2029-06-13', 1, NULL, 29, 1068),
(0, 'admin', '2023-06-24 23:54:28', NULL, NULL, NULL, NULL, '900308176', '621822374', '2029-06-13', 1, NULL, 29, 1069),
(0, 'admin', '2023-06-24 23:54:28', NULL, NULL, NULL, NULL, '549529636', '816932007', '2029-06-13', 1, NULL, 29, 1070),
(0, 'admin', '2023-06-24 23:54:28', NULL, NULL, NULL, NULL, '674322520', '589120604', '2029-06-13', 1, NULL, 30, 1071),
(0, 'admin', '2023-06-24 23:54:28', NULL, NULL, NULL, NULL, '516161188', '856087845', '2029-06-13', 1, NULL, 30, 1072),
(0, 'admin', '2023-06-24 23:54:28', NULL, NULL, NULL, NULL, '216027897', '489359011', '2029-06-13', 1, NULL, 30, 1073),
(0, 'admin', '2023-06-24 23:54:28', NULL, NULL, NULL, NULL, '936507004', '408187947', '2029-06-13', 1, NULL, 30, 1074),
(0, 'admin', '2023-06-24 23:54:28', NULL, NULL, NULL, NULL, '495421103', '342193894', '2029-06-13', 1, NULL, 30, 1075),
(0, 'admin', '2023-06-24 23:54:28', NULL, NULL, NULL, NULL, '804817456', '189133837', '2029-06-13', 1, NULL, 30, 1076),
(0, 'admin', '2023-06-24 23:54:28', NULL, NULL, NULL, NULL, '675741941', '157119167', '2029-06-13', 1, NULL, 30, 1077),
(0, 'admin', '2023-06-24 23:54:28', NULL, NULL, NULL, NULL, '968738324', '531094344', '2029-06-13', 1, NULL, 30, 1078),
(0, 'admin', '2023-06-24 23:54:28', NULL, NULL, NULL, NULL, '668627716', '418015203', '2029-06-13', 1, NULL, 30, 1079),
(0, 'admin', '2023-06-24 23:54:28', NULL, NULL, NULL, NULL, '562322931', '180610411', '2029-06-13', 1, NULL, 30, 1080),
(0, 'admin', '2023-06-24 23:54:28', NULL, NULL, NULL, NULL, '538142016', '474241720', '2029-06-13', 1, NULL, 30, 1081),
(0, 'admin', '2023-06-24 23:54:28', NULL, NULL, NULL, NULL, '284907993', '951061474', '2029-06-13', 1, NULL, 30, 1082),
(0, 'admin', '2023-06-24 23:54:28', NULL, NULL, NULL, NULL, '497158872', '383690025', '2029-06-13', 1, NULL, 30, 1083),
(0, 'admin', '2023-06-24 23:54:28', NULL, NULL, NULL, NULL, '912181777', '120490334', '2029-06-13', 1, NULL, 30, 1084),
(0, 'admin', '2023-06-24 23:54:28', NULL, NULL, NULL, NULL, '533055852', '164356530', '2029-06-13', 1, NULL, 30, 1085),
(0, 'admin', '2023-06-24 23:54:28', NULL, NULL, NULL, NULL, '213117290', '351116006', '2029-06-13', 1, NULL, 30, 1086),
(0, 'admin', '2023-06-24 23:54:28', NULL, NULL, NULL, NULL, '747137186', '932559465', '2029-06-13', 1, NULL, 30, 1087),
(0, 'admin', '2023-06-24 23:54:28', NULL, NULL, NULL, NULL, '184790306', '926489122', '2029-06-13', 1, NULL, 30, 1088),
(0, 'admin', '2023-06-24 23:54:28', NULL, NULL, NULL, NULL, '692319241', '937800968', '2029-06-13', 1, NULL, 30, 1089),
(0, 'admin', '2023-06-24 23:54:28', NULL, NULL, NULL, NULL, '437164713', '877784706', '2029-06-13', 1, NULL, 30, 1090),
(0, 'admin', '2023-06-24 23:54:28', NULL, NULL, NULL, NULL, '342581699', '723554463', '2029-06-13', 1, NULL, 30, 1091),
(0, 'admin', '2023-06-24 23:54:28', NULL, NULL, NULL, NULL, '174355186', '436696779', '2029-06-13', 1, NULL, 30, 1092),
(0, 'admin', '2023-06-24 23:54:28', NULL, NULL, NULL, NULL, '152099258', '589951888', '2029-06-13', 1, NULL, 30, 1093),
(0, 'admin', '2023-06-24 23:54:28', NULL, NULL, NULL, NULL, '479699131', '479434512', '2029-06-13', 1, NULL, 30, 1094),
(0, 'admin', '2023-06-24 23:54:28', NULL, NULL, NULL, NULL, '909978632', '496226669', '2029-06-13', 1, NULL, 30, 1095),
(0, 'admin', '2023-06-24 23:54:28', NULL, NULL, NULL, NULL, '602785506', '887077939', '2029-06-13', 1, NULL, 30, 1096),
(0, 'admin', '2023-06-24 23:54:28', NULL, NULL, NULL, NULL, '813148710', '950278369', '2029-06-13', 1, NULL, 30, 1097),
(0, 'admin', '2023-06-24 23:54:28', NULL, NULL, NULL, NULL, '797568964', '269296061', '2029-06-13', 1, NULL, 30, 1098),
(0, 'admin', '2023-06-24 23:54:28', NULL, NULL, NULL, NULL, '417175606', '276819127', '2029-06-13', 1, NULL, 30, 1099),
(0, 'admin', '2023-06-24 23:54:28', NULL, NULL, NULL, NULL, '198115071', '204551337', '2029-06-13', 1, NULL, 30, 1100),
(0, 'admin', '2023-06-24 23:54:28', NULL, NULL, NULL, NULL, '416466277', '344688003', '2029-06-13', 1, NULL, 31, 1101),
(0, 'admin', '2023-06-24 23:54:28', NULL, NULL, NULL, NULL, '540573085', '964604228', '2029-06-13', 1, NULL, 31, 1102),
(0, 'admin', '2023-06-24 23:54:29', NULL, NULL, NULL, NULL, '960658350', '479236749', '2029-06-13', 1, NULL, 31, 1103),
(0, 'admin', '2023-06-24 23:54:29', NULL, NULL, NULL, NULL, '851884503', '829577516', '2029-06-13', 1, NULL, 31, 1104),
(0, 'admin', '2023-06-24 23:54:29', NULL, NULL, NULL, NULL, '399608897', '502949836', '2029-06-13', 1, NULL, 31, 1105),
(0, 'admin', '2023-06-24 23:54:29', NULL, NULL, NULL, NULL, '243590774', '661127359', '2029-06-13', 1, NULL, 31, 1106),
(0, 'admin', '2023-06-24 23:54:29', NULL, NULL, NULL, NULL, '749640722', '407854725', '2029-06-13', 1, NULL, 31, 1107),
(0, 'admin', '2023-06-24 23:54:29', NULL, NULL, NULL, NULL, '269252812', '563078609', '2029-06-13', 1, NULL, 31, 1108),
(0, 'admin', '2023-06-24 23:54:29', NULL, NULL, NULL, NULL, '698617905', '371930588', '2029-06-13', 1, NULL, 31, 1109),
(0, 'admin', '2023-06-24 23:54:29', NULL, NULL, NULL, NULL, '899017315', '191581144', '2029-06-13', 1, NULL, 31, 1110),
(0, 'admin', '2023-06-24 23:54:29', NULL, NULL, NULL, NULL, '813784577', '881235409', '2029-06-13', 1, NULL, 31, 1111),
(0, 'admin', '2023-06-24 23:54:29', NULL, NULL, NULL, NULL, '990547033', '160063631', '2029-06-13', 1, NULL, 31, 1112),
(0, 'admin', '2023-06-24 23:54:29', NULL, NULL, NULL, NULL, '290829680', '450170998', '2029-06-13', 1, NULL, 31, 1113),
(0, 'admin', '2023-06-24 23:54:29', NULL, NULL, NULL, NULL, '874711459', '571653132', '2029-06-13', 1, NULL, 31, 1114),
(0, 'admin', '2023-06-24 23:54:29', NULL, NULL, NULL, NULL, '837651278', '599758141', '2029-06-13', 1, NULL, 31, 1115),
(0, 'admin', '2023-06-24 23:54:29', NULL, NULL, NULL, NULL, '374451792', '133839351', '2029-06-13', 1, NULL, 31, 1116),
(0, 'admin', '2023-06-24 23:54:29', NULL, NULL, NULL, NULL, '278615448', '845302151', '2029-06-13', 1, NULL, 31, 1117),
(0, 'admin', '2023-06-24 23:54:29', NULL, NULL, NULL, NULL, '170535006', '658185434', '2029-06-13', 1, NULL, 31, 1118),
(0, 'admin', '2023-06-24 23:54:29', NULL, NULL, NULL, NULL, '641997527', '343639607', '2029-06-13', 1, NULL, 31, 1119),
(0, 'admin', '2023-06-24 23:54:29', NULL, NULL, NULL, NULL, '631258652', '511672899', '2029-06-13', 1, NULL, 31, 1120),
(0, 'admin', '2023-06-24 23:54:29', NULL, NULL, NULL, NULL, '590550408', '216001293', '2029-06-13', 1, NULL, 31, 1121),
(0, 'admin', '2023-06-24 23:54:29', NULL, NULL, NULL, NULL, '243464801', '999037584', '2029-06-13', 1, NULL, 31, 1122),
(0, 'admin', '2023-06-24 23:54:29', NULL, NULL, NULL, NULL, '458022896', '742704001', '2029-06-13', 1, NULL, 31, 1123),
(0, 'admin', '2023-06-24 23:54:29', NULL, NULL, NULL, NULL, '311564959', '363947794', '2029-06-13', 1, NULL, 31, 1124),
(0, 'admin', '2023-06-24 23:54:29', NULL, NULL, NULL, NULL, '761356046', '845556967', '2029-06-13', 1, NULL, 31, 1125),
(0, 'admin', '2023-06-24 23:54:29', NULL, NULL, NULL, NULL, '584247922', '384221470', '2029-06-13', 1, NULL, 31, 1126),
(0, 'admin', '2023-06-24 23:54:29', NULL, NULL, NULL, NULL, '482238906', '142188961', '2029-06-13', 1, NULL, 31, 1127),
(0, 'admin', '2023-06-24 23:54:29', NULL, NULL, NULL, NULL, '752814429', '168175605', '2029-06-13', 1, NULL, 31, 1128),
(0, 'admin', '2023-06-24 23:54:29', NULL, NULL, NULL, NULL, '223615385', '234608773', '2029-06-13', 1, NULL, 31, 1129),
(0, 'admin', '2023-06-24 23:54:29', NULL, NULL, NULL, NULL, '483705867', '732961178', '2029-06-13', 1, NULL, 31, 1130),
(0, 'admin', '2023-06-24 23:54:29', NULL, NULL, NULL, NULL, '212282081', '474631996', '2029-06-13', 1, NULL, 32, 1131),
(0, 'admin', '2023-06-24 23:54:29', NULL, NULL, NULL, NULL, '234891963', '220056318', '2029-06-13', 1, NULL, 32, 1132),
(0, 'admin', '2023-06-24 23:54:29', NULL, NULL, NULL, NULL, '438698157', '693131079', '2029-06-13', 1, NULL, 32, 1133),
(0, 'admin', '2023-06-24 23:54:29', NULL, NULL, NULL, NULL, '596172587', '560195995', '2029-06-13', 1, NULL, 32, 1134),
(0, 'admin', '2023-06-24 23:54:29', NULL, NULL, NULL, NULL, '207884096', '870632963', '2029-06-13', 1, NULL, 32, 1135),
(0, 'admin', '2023-06-24 23:54:29', NULL, NULL, NULL, NULL, '690037379', '449698399', '2029-06-13', 1, NULL, 32, 1136),
(0, 'admin', '2023-06-24 23:54:29', NULL, NULL, NULL, NULL, '434295478', '503377501', '2029-06-13', 1, NULL, 32, 1137),
(0, 'admin', '2023-06-24 23:54:29', NULL, NULL, NULL, NULL, '539775380', '495886431', '2029-06-13', 1, NULL, 32, 1138),
(0, 'admin', '2023-06-24 23:54:29', NULL, NULL, NULL, NULL, '189728378', '861400186', '2029-06-13', 1, NULL, 32, 1139),
(0, 'admin', '2023-06-24 23:54:29', NULL, NULL, NULL, NULL, '313633732', '813153112', '2029-06-13', 1, NULL, 32, 1140),
(0, 'admin', '2023-06-24 23:54:29', NULL, NULL, NULL, NULL, '523136393', '955920654', '2029-06-13', 1, NULL, 32, 1141),
(0, 'admin', '2023-06-24 23:54:29', NULL, NULL, NULL, NULL, '583941395', '574201170', '2029-06-13', 1, NULL, 32, 1142),
(0, 'admin', '2023-06-24 23:54:29', NULL, NULL, NULL, NULL, '868291807', '918129978', '2029-06-13', 1, NULL, 32, 1143),
(0, 'admin', '2023-06-24 23:54:29', NULL, NULL, NULL, NULL, '192556621', '313029557', '2029-06-13', 1, NULL, 32, 1144),
(0, 'admin', '2023-06-24 23:54:29', NULL, NULL, NULL, NULL, '687068693', '269713750', '2029-06-13', 1, NULL, 32, 1145),
(0, 'admin', '2023-06-24 23:54:29', NULL, NULL, NULL, NULL, '207255563', '805636247', '2029-06-13', 1, NULL, 32, 1146),
(0, 'admin', '2023-06-24 23:54:29', NULL, NULL, NULL, NULL, '583872060', '456920621', '2029-06-13', 1, NULL, 32, 1147),
(0, 'admin', '2023-06-24 23:54:29', NULL, NULL, NULL, NULL, '786626004', '185587701', '2029-06-13', 1, NULL, 32, 1148),
(0, 'admin', '2023-06-24 23:54:29', NULL, NULL, NULL, NULL, '444340864', '430023944', '2029-06-13', 1, NULL, 32, 1149),
(0, 'admin', '2023-06-24 23:54:29', NULL, NULL, NULL, NULL, '284041967', '257714079', '2029-06-13', 1, NULL, 32, 1150),
(0, 'admin', '2023-06-24 23:54:29', NULL, NULL, NULL, NULL, '185664049', '936785968', '2029-06-13', 1, NULL, 32, 1151),
(0, 'admin', '2023-06-24 23:54:29', NULL, NULL, NULL, NULL, '146487869', '553346078', '2029-06-13', 1, NULL, 32, 1152),
(0, 'admin', '2023-06-24 23:54:29', NULL, NULL, NULL, NULL, '944828431', '703670615', '2029-06-13', 1, NULL, 32, 1153),
(0, 'admin', '2023-06-24 23:54:29', NULL, NULL, NULL, NULL, '505959985', '143584360', '2029-06-13', 1, NULL, 32, 1154),
(0, 'admin', '2023-06-24 23:54:29', NULL, NULL, NULL, NULL, '307753544', '850422387', '2029-06-13', 1, NULL, 32, 1155),
(0, 'admin', '2023-06-24 23:54:29', NULL, NULL, NULL, NULL, '955878886', '295784937', '2029-06-13', 1, NULL, 32, 1156),
(0, 'admin', '2023-06-24 23:54:29', NULL, NULL, NULL, NULL, '997585315', '769642555', '2029-06-13', 1, NULL, 32, 1157),
(0, 'admin', '2023-06-24 23:54:29', NULL, NULL, NULL, NULL, '769339731', '160154370', '2029-06-13', 1, NULL, 32, 1158),
(0, 'admin', '2023-06-24 23:54:29', NULL, NULL, NULL, NULL, '448677967', '825584614', '2029-06-13', 1, NULL, 32, 1159),
(0, 'admin', '2023-06-24 23:54:29', NULL, NULL, NULL, NULL, '741241712', '916952279', '2029-06-13', 1, NULL, 32, 1160),
(0, 'admin', '2023-06-24 23:54:29', NULL, NULL, NULL, NULL, '390011978', '592519927', '2029-06-13', 1, NULL, 33, 1161),
(0, 'admin', '2023-06-24 23:54:29', NULL, NULL, NULL, NULL, '991504150', '954749133', '2029-06-13', 1, NULL, 33, 1162),
(0, 'admin', '2023-06-24 23:54:29', NULL, NULL, NULL, NULL, '960170854', '526930423', '2029-06-13', 1, NULL, 33, 1163),
(0, 'admin', '2023-06-24 23:54:29', NULL, NULL, NULL, NULL, '138298580', '117502322', '2029-06-13', 1, NULL, 33, 1164),
(0, 'admin', '2023-06-24 23:54:29', NULL, NULL, NULL, NULL, '415170171', '191259225', '2029-06-13', 1, NULL, 33, 1165),
(0, 'admin', '2023-06-24 23:54:29', NULL, NULL, NULL, NULL, '206054019', '763035488', '2029-06-13', 1, NULL, 33, 1166),
(0, 'admin', '2023-06-24 23:54:29', NULL, NULL, NULL, NULL, '910578191', '560727896', '2029-06-13', 1, NULL, 33, 1167),
(0, 'admin', '2023-06-24 23:54:29', NULL, NULL, NULL, NULL, '628467520', '432989584', '2029-06-13', 1, NULL, 33, 1168),
(0, 'admin', '2023-06-24 23:54:29', NULL, NULL, NULL, NULL, '770987721', '474360160', '2029-06-13', 1, NULL, 33, 1169),
(0, 'admin', '2023-06-24 23:54:29', NULL, NULL, NULL, NULL, '778708035', '132824633', '2029-06-13', 1, NULL, 33, 1170),
(0, 'admin', '2023-06-24 23:54:29', NULL, NULL, NULL, NULL, '317027699', '967811090', '2029-06-13', 1, NULL, 33, 1171),
(0, 'admin', '2023-06-24 23:54:29', NULL, NULL, NULL, NULL, '193979189', '481927986', '2029-06-13', 1, NULL, 33, 1172),
(0, 'admin', '2023-06-24 23:54:29', NULL, NULL, NULL, NULL, '549171864', '891340608', '2029-06-13', 1, NULL, 33, 1173),
(0, 'admin', '2023-06-24 23:54:29', NULL, NULL, NULL, NULL, '792505252', '799727705', '2029-06-13', 1, NULL, 33, 1174),
(0, 'admin', '2023-06-24 23:54:29', NULL, NULL, NULL, NULL, '203200850', '298473523', '2029-06-13', 1, NULL, 33, 1175),
(0, 'admin', '2023-06-24 23:54:29', NULL, NULL, NULL, NULL, '167997402', '358912084', '2029-06-13', 1, NULL, 33, 1176),
(0, 'admin', '2023-06-24 23:54:29', NULL, NULL, NULL, NULL, '687324756', '381077354', '2029-06-13', 1, NULL, 33, 1177),
(0, 'admin', '2023-06-24 23:54:29', NULL, NULL, NULL, NULL, '645061817', '999626520', '2029-06-13', 1, NULL, 33, 1178),
(0, 'admin', '2023-06-24 23:54:29', NULL, NULL, NULL, NULL, '413428574', '294514179', '2029-06-13', 1, NULL, 33, 1179),
(0, 'admin', '2023-06-24 23:54:29', NULL, NULL, NULL, NULL, '834182781', '588921499', '2029-06-13', 1, NULL, 33, 1180),
(0, 'admin', '2023-06-24 23:54:29', NULL, NULL, NULL, NULL, '881584861', '628871483', '2029-06-13', 1, NULL, 33, 1181),
(0, 'admin', '2023-06-24 23:54:29', NULL, NULL, NULL, NULL, '110615158', '150751183', '2029-06-13', 1, NULL, 33, 1182),
(0, 'admin', '2023-06-24 23:54:29', NULL, NULL, NULL, NULL, '125758458', '262548103', '2029-06-13', 1, NULL, 33, 1183),
(0, 'admin', '2023-06-24 23:54:29', NULL, NULL, NULL, NULL, '378040661', '713800830', '2029-06-13', 1, NULL, 33, 1184),
(0, 'admin', '2023-06-24 23:54:29', NULL, NULL, NULL, NULL, '630131667', '596081478', '2029-06-13', 1, NULL, 33, 1185),
(0, 'admin', '2023-06-24 23:54:29', NULL, NULL, NULL, NULL, '817300293', '328983230', '2029-06-13', 1, NULL, 33, 1186),
(0, 'admin', '2023-06-24 23:54:29', NULL, NULL, NULL, NULL, '922563701', '758943534', '2029-06-13', 1, NULL, 33, 1187),
(0, 'admin', '2023-06-24 23:54:29', NULL, NULL, NULL, NULL, '884628585', '198573100', '2029-06-13', 1, NULL, 33, 1188),
(0, 'admin', '2023-06-24 23:54:29', NULL, NULL, NULL, NULL, '381777576', '134388094', '2029-06-13', 1, NULL, 33, 1189),
(0, 'admin', '2023-06-24 23:54:29', NULL, NULL, NULL, NULL, '103220772', '166625631', '2029-06-13', 1, NULL, 33, 1190),
(0, 'admin', '2023-06-24 23:54:29', NULL, NULL, NULL, NULL, '230803680', '879235166', '2029-06-13', 1, NULL, 34, 1191),
(0, 'admin', '2023-06-24 23:54:29', NULL, NULL, NULL, NULL, '535476659', '443035955', '2029-06-13', 1, NULL, 34, 1192),
(0, 'admin', '2023-06-24 23:54:29', NULL, NULL, NULL, NULL, '837235948', '293725586', '2029-06-13', 1, NULL, 34, 1193),
(0, 'admin', '2023-06-24 23:54:29', NULL, NULL, NULL, NULL, '296480921', '367156425', '2029-06-13', 1, NULL, 34, 1194),
(0, 'admin', '2023-06-24 23:54:29', NULL, NULL, NULL, NULL, '512217006', '446128230', '2029-06-13', 1, NULL, 34, 1195),
(0, 'admin', '2023-06-24 23:54:29', NULL, NULL, NULL, NULL, '269636697', '643532058', '2029-06-13', 1, NULL, 34, 1196),
(0, 'admin', '2023-06-24 23:54:29', NULL, NULL, NULL, NULL, '852783228', '510028594', '2029-06-13', 1, NULL, 34, 1197),
(0, 'admin', '2023-06-24 23:54:29', NULL, NULL, NULL, NULL, '921500711', '129593474', '2029-06-13', 1, NULL, 34, 1198),
(0, 'admin', '2023-06-24 23:54:29', NULL, NULL, NULL, NULL, '357627952', '617246028', '2029-06-13', 1, NULL, 34, 1199),
(0, 'admin', '2023-06-24 23:54:29', NULL, NULL, NULL, NULL, '624674257', '182320129', '2029-06-13', 1, NULL, 34, 1200),
(0, 'admin', '2023-06-24 23:54:29', NULL, NULL, NULL, NULL, '532927037', '593334163', '2029-06-13', 1, NULL, 34, 1201),
(0, 'admin', '2023-06-24 23:54:29', NULL, NULL, NULL, NULL, '227320954', '639155976', '2029-06-13', 1, NULL, 34, 1202),
(0, 'admin', '2023-06-24 23:54:29', NULL, NULL, NULL, NULL, '502703829', '207632881', '2029-06-13', 1, NULL, 34, 1203),
(0, 'admin', '2023-06-24 23:54:29', NULL, NULL, NULL, NULL, '673727247', '246480485', '2029-06-13', 1, NULL, 34, 1204),
(0, 'admin', '2023-06-24 23:54:29', NULL, NULL, NULL, NULL, '865254647', '496472252', '2029-06-13', 1, NULL, 34, 1205),
(0, 'admin', '2023-06-24 23:54:29', NULL, NULL, NULL, NULL, '957913316', '668472622', '2029-06-13', 1, NULL, 34, 1206),
(0, 'admin', '2023-06-24 23:54:29', NULL, NULL, NULL, NULL, '869955176', '317064088', '2029-06-13', 1, NULL, 34, 1207),
(0, 'admin', '2023-06-24 23:54:29', NULL, NULL, NULL, NULL, '708842787', '674755699', '2029-06-13', 1, NULL, 34, 1208),
(0, 'admin', '2023-06-24 23:54:29', NULL, NULL, NULL, NULL, '430209700', '173761277', '2029-06-13', 1, NULL, 34, 1209),
(0, 'admin', '2023-06-24 23:54:29', NULL, NULL, NULL, NULL, '526199223', '645135688', '2029-06-13', 1, NULL, 34, 1210),
(0, 'admin', '2023-06-24 23:54:29', NULL, NULL, NULL, NULL, '974285203', '597426056', '2029-06-13', 1, NULL, 34, 1211),
(0, 'admin', '2023-06-24 23:54:29', NULL, NULL, NULL, NULL, '394448441', '895193183', '2029-06-13', 1, NULL, 34, 1212),
(0, 'admin', '2023-06-24 23:54:29', NULL, NULL, NULL, NULL, '677623057', '213301143', '2029-06-13', 1, NULL, 34, 1213),
(0, 'admin', '2023-06-24 23:54:29', NULL, NULL, NULL, NULL, '472687411', '735850653', '2029-06-13', 1, NULL, 34, 1214),
(0, 'admin', '2023-06-24 23:54:29', NULL, NULL, NULL, NULL, '316255982', '273528409', '2029-06-13', 1, NULL, 34, 1215),
(0, 'admin', '2023-06-24 23:54:29', NULL, NULL, NULL, NULL, '958525469', '645250706', '2029-06-13', 1, NULL, 34, 1216),
(0, 'admin', '2023-06-24 23:54:29', NULL, NULL, NULL, NULL, '176520948', '425069953', '2029-06-13', 1, NULL, 34, 1217),
(0, 'admin', '2023-06-24 23:54:29', NULL, NULL, NULL, NULL, '483765152', '631530981', '2029-06-13', 1, NULL, 34, 1218),
(0, 'admin', '2023-06-24 23:54:29', NULL, NULL, NULL, NULL, '163983934', '771349224', '2029-06-13', 1, NULL, 34, 1219),
(0, 'admin', '2023-06-24 23:54:29', NULL, NULL, NULL, NULL, '489451683', '457955026', '2029-06-13', 1, NULL, 34, 1220),
(0, 'admin', '2023-06-24 23:54:29', NULL, NULL, NULL, NULL, '674910031', '444908291', '2029-06-13', 0, 24, 35, 1221),
(0, 'admin', '2023-06-24 23:54:29', NULL, NULL, NULL, NULL, '160662522', '809774953', '2029-06-13', 0, 24, 35, 1222),
(0, 'admin', '2023-06-24 23:54:29', NULL, NULL, NULL, NULL, '756604834', '944763887', '2029-06-13', 0, 24, 35, 1223),
(0, 'admin', '2023-06-24 23:54:29', NULL, NULL, NULL, NULL, '328434577', '811006301', '2029-06-13', 0, 24, 35, 1224),
(0, 'admin', '2023-06-24 23:54:29', NULL, NULL, NULL, NULL, '394247997', '530448631', '2029-06-13', 0, 24, 35, 1225),
(0, 'admin', '2023-06-24 23:54:29', NULL, NULL, NULL, NULL, '456112405', '343246200', '2029-06-13', 0, 46, 35, 1226),
(0, 'admin', '2023-06-24 23:54:29', NULL, NULL, NULL, NULL, '584580629', '596425285', '2029-06-13', 1, NULL, 35, 1227),
(0, 'admin', '2023-06-24 23:54:29', NULL, NULL, NULL, NULL, '985134507', '921088149', '2029-06-13', 1, NULL, 35, 1228),
(0, 'admin', '2023-06-24 23:54:29', NULL, NULL, NULL, NULL, '702602902', '294907318', '2029-06-13', 1, NULL, 35, 1229),
(0, 'admin', '2023-06-24 23:54:29', NULL, NULL, NULL, NULL, '489745360', '339581860', '2029-06-13', 1, NULL, 35, 1230),
(0, 'admin', '2023-06-24 23:54:29', NULL, NULL, NULL, NULL, '998639087', '370988257', '2029-06-13', 1, NULL, 35, 1231),
(0, 'admin', '2023-06-24 23:54:29', NULL, NULL, NULL, NULL, '280872524', '589995828', '2029-06-13', 1, NULL, 35, 1232),
(0, 'admin', '2023-06-24 23:54:29', NULL, NULL, NULL, NULL, '636918095', '924140532', '2029-06-13', 1, NULL, 35, 1233),
(0, 'admin', '2023-06-24 23:54:29', NULL, NULL, NULL, NULL, '736839915', '440627728', '2029-06-13', 1, NULL, 35, 1234),
(0, 'admin', '2023-06-24 23:54:29', NULL, NULL, NULL, NULL, '842843173', '195473027', '2029-06-13', 1, NULL, 35, 1235),
(0, 'admin', '2023-06-24 23:54:29', NULL, NULL, NULL, NULL, '143562339', '247965106', '2029-06-13', 1, NULL, 35, 1236),
(0, 'admin', '2023-06-24 23:54:29', NULL, NULL, NULL, NULL, '997433427', '325936089', '2029-06-13', 1, NULL, 35, 1237),
(0, 'admin', '2023-06-24 23:54:29', NULL, NULL, NULL, NULL, '558447351', '509082401', '2029-06-13', 1, NULL, 35, 1238),
(0, 'admin', '2023-06-24 23:54:29', NULL, NULL, NULL, NULL, '760132740', '636598444', '2029-06-13', 1, NULL, 35, 1239),
(0, 'admin', '2023-06-24 23:54:29', NULL, NULL, NULL, NULL, '816135108', '179279453', '2029-06-13', 1, NULL, 35, 1240),
(0, 'admin', '2023-06-24 23:54:29', NULL, NULL, NULL, NULL, '260036557', '312738181', '2029-06-13', 1, NULL, 35, 1241),
(0, 'admin', '2023-06-24 23:54:29', NULL, NULL, NULL, NULL, '559886653', '685804759', '2029-06-13', 1, NULL, 35, 1242),
(0, 'admin', '2023-06-24 23:54:29', NULL, NULL, NULL, NULL, '629667268', '626379463', '2029-06-13', 1, NULL, 35, 1243),
(0, 'admin', '2023-06-24 23:54:29', NULL, NULL, NULL, NULL, '895104427', '149502560', '2029-06-13', 1, NULL, 35, 1244),
(0, 'admin', '2023-06-24 23:54:29', NULL, NULL, NULL, NULL, '643537447', '803908732', '2029-06-13', 1, NULL, 35, 1245),
(0, 'admin', '2023-06-24 23:54:29', NULL, NULL, NULL, NULL, '239282365', '573000700', '2029-06-13', 1, NULL, 35, 1246),
(0, 'admin', '2023-06-24 23:54:29', NULL, NULL, NULL, NULL, '854266932', '915640371', '2029-06-13', 1, NULL, 35, 1247),
(0, 'admin', '2023-06-24 23:54:29', NULL, NULL, NULL, NULL, '427038332', '357719820', '2029-06-13', 1, NULL, 35, 1248),
(0, 'admin', '2023-06-24 23:54:29', NULL, NULL, NULL, NULL, '978632688', '299155279', '2029-06-13', 1, NULL, 35, 1249),
(0, 'admin', '2023-06-24 23:54:29', NULL, NULL, NULL, NULL, '540024420', '965789252', '2029-06-13', 1, NULL, 35, 1250),
(0, 'admin', '2023-06-24 23:54:29', NULL, NULL, NULL, NULL, '718198185', '788907254', '2029-06-13', 0, 34, 36, 1251),
(0, 'admin', '2023-06-24 23:54:29', NULL, NULL, NULL, NULL, '614574768', '397211248', '2029-06-13', 0, 35, 36, 1252),
(0, 'admin', '2023-06-24 23:54:29', NULL, NULL, NULL, NULL, '828986118', '847437338', '2029-06-13', 0, 36, 36, 1253),
(0, 'admin', '2023-06-24 23:54:29', NULL, NULL, NULL, NULL, '146678881', '254741846', '2029-06-13', 0, 37, 36, 1254),
(0, 'admin', '2023-06-24 23:54:29', NULL, NULL, NULL, NULL, '863103706', '855152647', '2029-06-13', 0, 38, 36, 1255),
(0, 'admin', '2023-06-24 23:54:29', NULL, NULL, NULL, NULL, '657464520', '224931930', '2029-06-13', 0, 39, 36, 1256),
(0, 'admin', '2023-06-24 23:54:29', NULL, NULL, NULL, NULL, '909193168', '181301318', '2029-06-13', 1, NULL, 36, 1257),
(0, 'admin', '2023-06-24 23:54:29', NULL, NULL, NULL, NULL, '925379482', '550534370', '2029-06-13', 1, NULL, 36, 1258),
(0, 'admin', '2023-06-24 23:54:29', NULL, NULL, NULL, NULL, '649554477', '212179072', '2029-06-13', 1, NULL, 36, 1259),
(0, 'admin', '2023-06-24 23:54:29', NULL, NULL, NULL, NULL, '472814455', '950484252', '2029-06-13', 1, NULL, 36, 1260),
(0, 'admin', '2023-06-24 23:54:29', NULL, NULL, NULL, NULL, '499176487', '886943522', '2029-06-13', 1, NULL, 36, 1261),
(0, 'admin', '2023-06-24 23:54:29', NULL, NULL, NULL, NULL, '462803867', '789443390', '2029-06-13', 1, NULL, 36, 1262),
(0, 'admin', '2023-06-24 23:54:29', NULL, NULL, NULL, NULL, '296577015', '564364524', '2029-06-13', 1, NULL, 36, 1263),
(0, 'admin', '2023-06-24 23:54:29', NULL, NULL, NULL, NULL, '394884551', '149085231', '2029-06-13', 1, NULL, 36, 1264),
(0, 'admin', '2023-06-24 23:54:29', NULL, NULL, NULL, NULL, '577072765', '497312118', '2029-06-13', 1, NULL, 36, 1265),
(0, 'admin', '2023-06-24 23:54:29', NULL, NULL, NULL, NULL, '361014595', '133424831', '2029-06-13', 1, NULL, 36, 1266),
(0, 'admin', '2023-06-24 23:54:29', NULL, NULL, NULL, NULL, '820776275', '809517166', '2029-06-13', 1, NULL, 36, 1267),
(0, 'admin', '2023-06-24 23:54:29', NULL, NULL, NULL, NULL, '546244846', '881860984', '2029-06-13', 1, NULL, 36, 1268),
(0, 'admin', '2023-06-24 23:54:29', NULL, NULL, NULL, NULL, '437937387', '579696474', '2029-06-13', 1, NULL, 36, 1269),
(0, 'admin', '2023-06-24 23:54:29', NULL, NULL, NULL, NULL, '172247206', '345970036', '2029-06-13', 1, NULL, 36, 1270),
(0, 'admin', '2023-06-24 23:54:29', NULL, NULL, NULL, NULL, '670752081', '905225400', '2029-06-13', 1, NULL, 36, 1271),
(0, 'admin', '2023-06-24 23:54:29', NULL, NULL, NULL, NULL, '741455253', '771350245', '2029-06-13', 1, NULL, 36, 1272),
(0, 'admin', '2023-06-24 23:54:29', NULL, NULL, NULL, NULL, '291429070', '575147615', '2029-06-13', 1, NULL, 36, 1273),
(0, 'admin', '2023-06-24 23:54:29', NULL, NULL, NULL, NULL, '338889739', '822587878', '2029-06-13', 1, NULL, 36, 1274),
(0, 'admin', '2023-06-24 23:54:29', NULL, NULL, NULL, NULL, '142367257', '369781188', '2029-06-13', 1, NULL, 36, 1275),
(0, 'admin', '2023-06-24 23:54:29', NULL, NULL, NULL, NULL, '431223294', '211044395', '2029-06-13', 1, NULL, 36, 1276),
(0, 'admin', '2023-06-24 23:54:29', NULL, NULL, NULL, NULL, '125754910', '419833719', '2029-06-13', 1, NULL, 36, 1277),
(0, 'admin', '2023-06-24 23:54:29', NULL, NULL, NULL, NULL, '716923910', '918950999', '2029-06-13', 1, NULL, 36, 1278),
(0, 'admin', '2023-06-24 23:54:29', NULL, NULL, NULL, NULL, '189158956', '375877128', '2029-06-13', 1, NULL, 36, 1279),
(0, 'admin', '2023-06-24 23:54:29', NULL, NULL, NULL, NULL, '769440270', '508836416', '2029-06-13', 1, NULL, 36, 1280);

-- --------------------------------------------------------

--
-- Cấu trúc bảng cho bảng `supplier`
--

CREATE TABLE `supplier` (
  `isDeleted` tinyint(1) DEFAULT NULL,
  `createdBy` varchar(200) NOT NULL,
  `createdAt` datetime NOT NULL,
  `updatedAt` datetime DEFAULT NULL,
  `updatedBy` varchar(200) DEFAULT NULL,
  `deletedAt` datetime DEFAULT NULL,
  `deletedBy` varchar(200) DEFAULT NULL,
  `name` varchar(200) NOT NULL,
  `logo` varchar(200) DEFAULT NULL,
  `describe` varchar(200) DEFAULT NULL,
  `status` tinyint(1) NOT NULL,
  `id` int(11) NOT NULL
) ENGINE=InnoDB DEFAULT CHARSET=utf8mb4 COLLATE=utf8mb4_general_ci;

--
-- Đang đổ dữ liệu cho bảng `supplier`
--

INSERT INTO `supplier` (`isDeleted`, `createdBy`, `createdAt`, `updatedAt`, `updatedBy`, `deletedAt`, `deletedBy`, `name`, `logo`, `describe`, `status`, `id`) VALUES
(0, 'admin', '2023-06-06 18:24:18', NULL, NULL, NULL, NULL, 'Viettel', 'the-viettel.png', 'Nha mang lon nhat VietNam', 0, 1),
(0, 'admin', '2023-06-16 11:12:11', NULL, NULL, NULL, NULL, 'Vinaphone', 'the-vinaphone.png', 'Nha mang toc do cao', 0, 2),
(0, 'admin', '2023-06-16 11:13:50', NULL, NULL, NULL, NULL, 'Vietnamobile', 'the-vietnamobile.png', 'khong gioi han dung luong cao', 1, 3),
(0, 'admin', '2023-06-16 19:04:24', NULL, NULL, NULL, NULL, 'Mobifone', 'the-mobifone.png', 'Nha mang lau doi', 1, 4),
(0, 'admin', '2023-06-16 19:04:24', NULL, NULL, NULL, NULL, 'GMobile', 'the-gmobile.png', 'Nha mang lau doi lam', 1, 5);

-- --------------------------------------------------------

--
-- Cấu trúc bảng cho bảng `transaction`
--

CREATE TABLE `transaction` (
  `isDeleted` tinyint(1) NOT NULL,
  `createdAt` datetime NOT NULL,
  `updatedAt` datetime DEFAULT NULL,
  `updatedBy` varchar(200) DEFAULT NULL,
  `deletedAt` datetime DEFAULT NULL,
  `deletedBy` varchar(200) DEFAULT NULL,
  `name` varchar(200) NOT NULL,
  `type` tinyint(1) NOT NULL,
  `total` double NOT NULL,
  `status` varchar(100) NOT NULL,
  `content` varchar(500) NOT NULL,
  `user` int(11) NOT NULL,
  `process` tinyint(1) NOT NULL,
  `id` int(11) NOT NULL
) ENGINE=InnoDB DEFAULT CHARSET=utf8mb4 COLLATE=utf8mb4_general_ci;

--
-- Đang đổ dữ liệu cho bảng `transaction`
--

INSERT INTO `transaction` (`isDeleted`, `createdAt`, `updatedAt`, `updatedBy`, `deletedAt`, `deletedBy`, `name`, `type`, `total`, `status`, `content`, `user`, `process`, `id`) VALUES
(0, '2023-06-13 18:47:54', '2023-06-13 18:47:58', NULL, NULL, NULL, 'Thanh toán mã đơn541389 bằng VNpay', 1, 10000, 'success', 'nap tien', 1, 1, 40),
(0, '2023-06-13 19:11:10', '2023-06-13 19:12:08', NULL, NULL, NULL, 'Thanh toán mã đơn964150 bằng VNpay', 1, 10000, 'success', 'nap tien', 1, 1, 41),
(0, '2023-06-13 19:44:26', '2023-06-13 19:44:30', NULL, NULL, NULL, 'Thanh toán mã đơn691400 bằng VNpay', 1, 10000, 'Failed', 'nap tien', 1, 1, 42),
(0, '2023-06-13 20:14:59', '2023-06-13 20:15:18', NULL, NULL, NULL, 'Thanh toán mã đơn266147 bằng VNpay', 1, 10000, 'Failed', 'nap tien', 1, 1, 44),
(0, '2023-06-20 02:02:06', '2023-06-20 02:04:44', NULL, NULL, NULL, 'Thanh toán mã đơn917327 bằng VNpay', 1, 100000, 'success', 'nap tien', 2, 1, 49),
(0, '2023-06-20 02:10:14', '2023-06-20 02:17:49', NULL, NULL, NULL, 'Thanh toán mã đơn844244 bằng VNpay', 1, 10000, 'success', 'nap tien', 2, 1, 50),
(0, '2023-06-20 02:24:51', '2023-06-20 02:25:21', NULL, NULL, NULL, 'Thanh toán mã đơn039960 bằng VNpay', 1, 10000, 'success', 'nap tien', 2, 1, 52),
(0, '2023-06-20 12:43:37', '2023-07-01 18:20:16', NULL, NULL, NULL, 'Thanh toán mã đơn521739 bằng VNpay', 1, 15000, 'success', 'nap tien', 1, 1, 53),
(0, '2023-06-20 15:22:00', '2023-06-20 15:24:44', NULL, NULL, NULL, 'Thanh toán mã đơn060519 bằng VNpay', 1, 100000, 'success', 'nap tien', 2, 1, 54),
(0, '2023-06-20 15:54:52', '2023-06-20 15:55:16', NULL, NULL, NULL, 'Thanh toán mã đơn813861 bằng VNpay', 1, 10000, 'success', 'nap tien', 2, 1, 55),
(0, '2023-06-20 15:59:10', '2023-06-20 15:59:31', NULL, NULL, NULL, 'Thanh toán mã đơn053033 bằng VNpay', 1, 12000, 'success', 'nap tien', 2, 1, 56),
(0, '2023-06-21 23:10:37', NULL, NULL, NULL, NULL, 'Thanh toán mã đơn397803 bằng VNpay', 1, 10000, 'Failed', 'nap tien', 1, 1, 57),
(0, '2023-06-22 13:08:40', NULL, NULL, NULL, NULL, 'Thanh toán mã đơn639672 bằng VNpay', 1, 10000, 'Failed', 'nap tien', 2, 1, 59),
(0, '2023-06-23 21:55:19', '2023-06-23 21:55:27', NULL, NULL, NULL, 'Thanh toán mã đơn901583 bằng VNpay', 1, 10000, 'Failed', 'nap tien', 2, 1, 60),
(0, '2023-06-24 23:12:37', NULL, NULL, NULL, NULL, 'Thanh toán đơn hàng mã 313439', 0, 30000, 'success', 'mua the', 2, 1, 61),
(0, '2023-06-24 23:15:32', NULL, NULL, NULL, NULL, 'Thanh toán đơn hàng mã 481599', 0, 50000, 'success', 'mua the', 2, 1, 62),
(0, '2023-06-24 23:17:09', NULL, NULL, NULL, NULL, 'Thanh toán đơn hàng mã 768984', 0, 30000, 'success', 'mua the', 2, 1, 63),
(0, '2023-06-24 23:18:52', NULL, NULL, NULL, NULL, 'Thanh toán đơn hàng mã 847672', 0, 100000, 'success', 'mua the', 2, 1, 64),
(0, '2023-06-24 23:21:57', NULL, NULL, NULL, NULL, 'Thanh toán đơn hàng mã 302385', 0, 10000, 'success', 'mua the', 2, 1, 65),
(0, '2023-06-24 23:24:13', NULL, NULL, NULL, NULL, 'Thanh toán đơn hàng mã 709239', 0, 20000, 'success', 'mua the', 2, 1, 66),
(0, '2023-06-24 23:26:13', NULL, NULL, NULL, NULL, 'Thanh toán đơn hàng mã 037988', 0, 20000, 'success', 'mua the', 2, 1, 67),
(0, '2023-06-25 00:04:24', NULL, NULL, NULL, NULL, 'Thanh toán đơn hàng mã 151280', 0, 20000, 'success', 'mua the', 2, 1, 68),
(0, '2023-06-25 13:21:39', NULL, NULL, NULL, NULL, 'Thanh toán đơn hàng mã 324284', 0, 10000, 'success', 'mua the', 2, 1, 69),
(0, '2023-06-25 13:24:06', NULL, NULL, NULL, NULL, 'Thanh toán đơn hàng mã 434963', 0, 20000, 'success', 'mua the', 2, 1, 70),
(0, '2023-06-25 15:12:55', NULL, NULL, NULL, NULL, 'Thanh toán mã đơn033207 bằng VNpay', 1, 10000, 'Failed', 'nap tien', 2, 1, 71),
(0, '2023-06-25 15:13:48', NULL, NULL, NULL, NULL, 'Thanh toán mã đơn967944 bằng VNpay', 1, 10000, 'Failed', 'nap tien', 2, 1, 72),
(0, '2023-06-25 15:19:27', NULL, NULL, NULL, NULL, 'Thanh toán mã đơn781763 bằng VNpay', 1, 10000, 'Failed', 'nap tien', 2, 1, 73),
(0, '2023-06-25 21:49:32', '2023-06-25 22:06:54', NULL, NULL, NULL, 'Thanh toán mã đơn706422 bằng VNpay', 1, 30000, 'Failed', 'nap tien', 2, 1, 74),
(0, '2023-06-26 02:20:19', NULL, NULL, NULL, NULL, 'Thanh toán mã đơn637785 bằng VNpay', 1, 20000, 'Failed', 'Order qua Vnpay', 0, 1, 75),
(0, '2023-06-26 02:25:05', NULL, NULL, NULL, NULL, 'Thanh toán mã đơn296684 bằng VNpay', 1, 30000, 'Failed', 'Order qua Vnpay', 0, 1, 76),
(0, '2023-06-26 02:27:12', NULL, NULL, NULL, NULL, 'Thanh toán mã đơn326104 bằng VNpay', 1, 20000, 'Failed', 'Order qua Vnpay', 0, 1, 77),
(0, '2023-06-26 02:34:16', NULL, NULL, NULL, NULL, 'Thanh toán mã đơn302718 bằng VNpay', 1, 30000, 'Failed', 'Order qua Vnpay', 0, 1, 78),
(0, '2023-06-26 02:50:54', '2023-06-26 02:51:21', NULL, NULL, NULL, 'Thanh toán mã đơn259748 bằng VNpay', 1, 30000, 'success', 'Order qua Vnpay', 0, 1, 79),
(0, '2023-06-26 02:55:11', NULL, NULL, NULL, NULL, 'Thanh toán mã đơn744921 bằng VNpay', 1, 30000, 'Failed', 'Order qua Vnpay', 0, 1, 80),
(0, '2023-06-26 14:39:41', NULL, NULL, NULL, NULL, 'Thanh toán đơn hàng mã 061685', 0, 30000, 'success', 'mua the', 2, 1, 81),
(0, '2023-06-26 17:31:34', NULL, NULL, NULL, NULL, 'Thanh toán đơn hàng mã 894830', 0, 90000, 'success', 'mua the', 1, 1, 82),
(0, '2023-06-27 01:56:41', NULL, NULL, NULL, NULL, 'Thanh toán đơn hàng mã 126500', 0, 30000, 'success', 'mua the', 2, 1, 83),
(0, '2023-06-27 15:59:23', NULL, NULL, NULL, NULL, 'Thanh toán mã đơn570701 bằng VNpay', 1, 20000, 'Failed', 'Order qua Vnpay', 0, 1, 84),
(0, '2023-06-27 16:21:46', '2023-06-27 16:22:55', NULL, NULL, NULL, 'Thanh toán mã đơn437097 bằng VNpay', 1, 10000, 'success', 'Order qua Vnpay', 1, 1, 85),
(0, '2023-06-27 23:34:53', NULL, NULL, NULL, NULL, 'Thanh toán mã đơn622791 bằng VNpay', 1, 400000, 'Failed', 'Order qua Vnpay', 0, 1, 86),
(0, '2023-06-28 01:48:20', '2023-06-28 01:49:20', NULL, NULL, NULL, 'Thanh toán mã đơn062524 bằng VNpay', 1, 10000, 'success', 'nap tien', 2, 1, 87),
(0, '2023-06-28 14:26:48', '2023-06-28 14:27:13', NULL, NULL, NULL, 'Thanh toán mã đơn806928 bằng VNpay', 1, 100000, 'success', 'nap tien', 2, 1, 88),
(0, '2023-06-28 14:28:41', '2023-06-28 14:29:26', NULL, NULL, NULL, 'Thanh toán mã đơn169846 bằng VNpay', 1, 30000, 'success', 'Order qua Vnpay', 2, 1, 89),
(0, '2023-06-28 14:37:52', '2023-06-28 14:38:20', NULL, NULL, NULL, 'Thanh toán mã đơn446506 bằng VNpay', 1, 100000, 'success', 'nap tien', 1, 1, 90),
(0, '2023-06-28 17:43:00', '2023-06-28 17:43:59', NULL, NULL, NULL, 'Thanh toán mã đơn867599 bằng VNpay', 1, 10000, 'Failed', 'nap tien', 2, 1, 91),
(0, '2023-06-28 21:52:27', NULL, NULL, NULL, NULL, 'Thanh toán đơn hàng mã 052477', 0, 50000, 'success', 'mua the', 2, 1, 92),
(0, '2023-06-28 21:55:54', '2023-06-28 21:56:57', NULL, NULL, NULL, 'Thanh toán mã đơn979800 bằng VNpay', 1, 200000, 'success', 'Order qua Vnpay', 0, 1, 93),
(0, '2023-06-28 22:09:38', NULL, NULL, NULL, NULL, 'Thanh toán đơn hàng mã 824460', 0, 2500000, 'success', 'mua the', 1, 1, 94),
(0, '2023-06-28 22:14:28', NULL, NULL, NULL, NULL, 'Thanh toán đơn hàng mã 835550', 0, 20000, 'success', 'mua the', 1, 1, 95),
(0, '2023-06-28 22:22:32', NULL, NULL, NULL, NULL, 'Thanh toán mã đơn879460 bằng VNpay', 1, 30000, 'Failed', 'Order qua Vnpay', 1, 1, 96),
(0, '2023-06-28 22:56:13', NULL, NULL, NULL, NULL, 'Thanh toán mã đơn400588 bằng VNpay', 1, 30000, 'Failed', 'Order qua Vnpay', 1, 1, 97),
(0, '2023-06-28 22:59:09', NULL, NULL, NULL, NULL, 'Thanh toán mã đơn933519 bằng VNpay', 1, 20000, 'Failed', 'Order qua Vnpay', 19, 1, 98),
(0, '2023-06-28 22:59:42', '2023-06-28 23:00:21', NULL, NULL, NULL, 'Thanh toán mã đơn271027 bằng VNpay', 1, 1500000, 'success', 'nap tien', 19, 1, 99),
(0, '2023-06-28 23:00:33', NULL, NULL, NULL, NULL, 'Thanh toán đơn hàng mã 673694', 0, 30000, 'success', 'mua the', 19, 1, 100),
(0, '2023-06-28 23:06:36', NULL, NULL, NULL, NULL, 'Thanh toán đơn hàng mã 567069', 0, 500000, 'success', 'mua the', 19, 1, 101),
(0, '2023-06-29 00:24:44', NULL, NULL, NULL, NULL, 'Thanh toán đơn hàng mã 981947', 0, 50000, 'success', 'mua the', 2, 1, 102),
(0, '2023-06-29 00:24:57', NULL, NULL, NULL, NULL, 'Thanh toán đơn hàng mã 357785', 0, 50000, 'success', 'mua the', 2, 1, 103),
(0, '2023-06-29 00:24:57', NULL, NULL, NULL, NULL, 'Thanh toán đơn hàng mã 994532', 0, 50000, 'success', 'mua the', 1, 1, 104),
(0, '2023-06-29 00:35:24', NULL, NULL, NULL, NULL, 'Thanh toán đơn hàng mã 767773', 0, 1000000, 'success', 'mua the', 1, 1, 105),
(0, '2023-06-29 00:42:23', NULL, NULL, NULL, NULL, 'Thanh toán đơn hàng mã 703391', 0, 1000000, 'success', 'mua the', 1, 1, 106),
(0, '2023-06-29 00:49:56', NULL, NULL, NULL, NULL, 'Thanh toán đơn hàng mã 790940', 0, 1000000, 'success', 'mua the', 2, 1, 107),
(0, '2023-06-29 00:51:17', NULL, NULL, NULL, NULL, 'Thanh toán đơn hàng mã 236982', 0, 1000000, 'success', 'mua the', 2, 1, 108),
(0, '2023-06-29 00:53:48', NULL, NULL, NULL, NULL, 'Thanh toán đơn hàng mã 333106', 0, 1000000, 'success', 'mua the', 2, 1, 109),
(0, '2023-06-29 00:53:48', NULL, NULL, NULL, NULL, 'Thanh toán đơn hàng mã 410236', 0, 1000000, 'success', 'mua the', 1, 1, 110),
(0, '2023-06-29 00:56:30', NULL, NULL, NULL, NULL, 'Thanh toán đơn hàng mã 644096', 0, 20000, 'Failed', 'mua the', 2, 1, 111),
(0, '2023-06-29 01:35:53', NULL, NULL, NULL, NULL, 'Thanh toán đơn hàng mã 942009', 0, 10000, 'success', 'mua the', 1, 1, 112),
(0, '2023-06-29 01:35:57', NULL, NULL, NULL, NULL, 'Thanh toán đơn hàng mã 495702', 0, 10000, 'success', 'mua the', 1, 1, 113),
(0, '2023-06-29 01:36:06', NULL, NULL, NULL, NULL, 'Thanh toán đơn hàng mã 320842', 0, 100000, 'success', 'mua the', 1, 1, 114),
(0, '2023-06-29 01:36:11', NULL, NULL, NULL, NULL, 'Thanh toán đơn hàng mã 707569', 0, 100000, 'success', 'mua the', 1, 1, 115),
(0, '2023-06-29 13:23:30', NULL, NULL, NULL, NULL, 'Thanh toán mã đơn217483 bằng VNpay', 1, 10000, 'Failed', 'Order qua Vnpay', 0, 1, 116),
(0, '2023-06-29 13:23:32', NULL, NULL, NULL, NULL, 'Thanh toán mã đơn428081 bằng VNpay', 1, 10000, 'Failed', 'Order qua Vnpay', 0, 1, 117),
(0, '2023-06-29 13:41:03', NULL, NULL, NULL, NULL, 'Thanh toán đơn hàng mã 601342', 0, 500000, 'success', 'mua the', 1, 1, 118),
(0, '2023-06-29 15:25:05', '2023-06-29 15:26:01', NULL, NULL, NULL, 'Thanh toán mã đơn638484 bằng VNpay', 1, 200000, 'success', 'Order qua Vnpay', 2, 1, 119),
(0, '2023-06-29 15:29:59', NULL, NULL, NULL, NULL, 'Thanh toán đơn hàng mã 452139', 0, 200000, 'success', 'mua the', 1, 1, 120),
(0, '2023-06-29 17:22:04', NULL, NULL, NULL, NULL, 'Thanh toán mã đơn618610 bằng VNpay', 1, 10000, 'Failed', 'Order qua Vnpay', 0, 1, 121),
(0, '2023-06-29 17:22:33', NULL, NULL, NULL, NULL, 'Thanh toán mã đơn036670 bằng VNpay', 1, 30000, 'Failed', 'Order qua Vnpay', 0, 1, 122),
(0, '2023-06-29 17:23:49', NULL, NULL, NULL, NULL, 'Thanh toán đơn hàng mã 335617', 0, 30000, 'success', 'mua the', 2, 1, 123),
(0, '2023-06-29 17:27:21', NULL, NULL, NULL, NULL, 'Thanh toán mã đơn653907 bằng VNpay', 1, 100000, 'Failed', 'nap tien', 2, 1, 124),
(0, '2023-06-29 17:28:13', NULL, NULL, NULL, NULL, 'Thanh toán đơn hàng mã 633640', 0, 300000, 'success', 'mua the', 2, 1, 125),
(0, '2023-06-29 17:28:35', NULL, NULL, NULL, NULL, 'Thanh toán mã đơn607532 bằng VNpay', 1, 300000, 'Failed', 'Order qua Vnpay', 2, 1, 126),
(0, '2023-06-29 17:28:43', NULL, NULL, NULL, NULL, 'Thanh toán đơn hàng mã 236266', 0, 30000, 'success', 'mua the', 2, 1, 127),
(0, '2023-06-29 17:28:52', NULL, NULL, NULL, NULL, 'Thanh toán đơn hàng mã 441660', 0, 300000, 'success', 'mua the', 2, 1, 128),
(0, '2023-07-01 15:49:03', NULL, NULL, NULL, NULL, 'Thanh toán mã đơn868671 bằng VNpay', 1, 10000, 'Failed', 'nap tien', 2, 1, 129),
(0, '2023-07-01 15:49:27', NULL, NULL, NULL, NULL, 'Thanh toán mã đơn507856 bằng VNpay', 1, 20000, 'Failed', 'Order qua Vnpay', 2, 1, 130),
(0, '2023-07-01 15:50:58', NULL, NULL, NULL, NULL, 'Thanh toán mã đơn253535 bằng VNpay', 1, 100000, 'Failed', 'Order qua Vnpay', 0, 1, 131),
(0, '2023-07-01 15:51:31', '2023-07-01 15:51:36', NULL, NULL, NULL, 'Thanh toán mã đơn035496 bằng VNpay', 1, 10000, 'Failed', 'nap tien', 2, 1, 132),
(0, '2023-07-01 16:44:08', '2023-07-01 17:01:22', NULL, NULL, NULL, 'Nạp tiền bằng VNpay', 1, 30000, 'Failed', 'Order qua Vnpay', 0, 1, 133),
(0, '2023-07-01 17:03:01', '2023-07-01 17:11:07', NULL, NULL, NULL, 'Nạp tiền bằng VNpay', 1, 10000, 'success', 'nap tien', 1, 1, 134),
(0, '2023-07-01 17:15:29', '2023-07-01 17:15:54', NULL, NULL, NULL, 'Nạp tiền bằng VNpay', 1, 10000, 'success', 'nap tien', 0, 1, 135),
(0, '2023-07-01 17:20:06', '2023-07-01 17:21:04', NULL, NULL, NULL, 'Nạp tiền bằng VNpay', 1, 15000, 'success', 'nap tien', 1, 1, 136),
(0, '2023-07-01 17:24:06', '2023-07-01 17:24:28', NULL, NULL, NULL, 'Nạp tiền bằng VNpay', 1, 10000, 'success', 'nap tien', 1, 1, 137),
(0, '2023-07-01 21:54:00', NULL, NULL, NULL, NULL, 'Hoàn trả tiền đơn hàng 1', 1, 2000, 'success', 'hoan tien', 1, 1, 138),
(0, '2023-07-01 21:55:00', NULL, NULL, NULL, NULL, 'Hoàn trả tiền đơn hàng 1', 1, 2000, 'success', 'hoan tien', 1, 1, 139),
(0, '2023-07-01 21:56:00', NULL, NULL, NULL, NULL, 'Hoàn trả tiền đơn hàng 1', 1, 2000, 'success', 'hoan tien', 1, 1, 140),
(0, '2023-07-01 21:57:00', NULL, NULL, NULL, NULL, 'Hoàn trả tiền đơn hàng 1', 1, 2000, 'success', 'hoan tien', 1, 1, 141),
(0, '2023-07-01 21:58:00', NULL, NULL, NULL, NULL, 'Hoàn trả tiền đơn hàng 1', 1, 2000, 'success', 'hoan tien', 1, 1, 142),
(0, '2023-07-01 21:59:00', NULL, NULL, NULL, NULL, 'Hoàn trả tiền đơn hàng 1', 1, 2000, 'success', 'hoan tien', 1, 1, 143),
(0, '2023-07-01 22:00:00', NULL, NULL, NULL, NULL, 'Hoàn trả tiền đơn hàng 1', 1, 2000, 'success', 'hoan tien', 1, 1, 144),
(0, '2023-07-01 22:01:00', NULL, NULL, NULL, NULL, 'Hoàn trả tiền đơn hàng 1', 1, 2000, 'success', 'hoan tien', 1, 1, 145),
(0, '2023-07-01 22:01:00', NULL, NULL, NULL, NULL, 'Hoàn trả tiền đơn hàng 1', 1, 2000, 'success', 'hoan tien', 1, 1, 146),
(0, '2023-07-01 22:02:00', NULL, NULL, NULL, NULL, 'Hoàn trả tiền đơn hàng 1', 1, 2000, 'success', 'hoan tien', 1, 1, 147),
(0, '2023-07-01 22:03:00', NULL, NULL, NULL, NULL, 'Hoàn trả tiền đơn hàng 1', 1, 2000, 'success', 'hoan tien', 1, 1, 148),
(0, '2023-07-01 22:04:00', NULL, NULL, NULL, NULL, 'Hoàn trả tiền đơn hàng 1', 1, 2000, 'success', 'hoan tien', 1, 1, 149),
(0, '2023-07-01 22:04:00', NULL, NULL, NULL, NULL, 'Hoàn trả tiền đơn hàng 1', 1, 2000, 'success', 'hoan tien', 1, 1, 150),
(0, '2023-07-01 22:05:00', NULL, NULL, NULL, NULL, 'Hoàn trả tiền đơn hàng 1', 1, 2000, 'success', 'hoan tien', 1, 1, 151),
(0, '2023-07-01 22:05:00', NULL, NULL, NULL, NULL, 'Hoàn trả tiền đơn hàng 1', 1, 2000, 'success', 'hoan tien', 1, 1, 152),
(0, '2023-07-01 22:06:00', NULL, NULL, NULL, NULL, 'Hoàn trả tiền đơn hàng 1', 1, 2000, 'success', 'hoan tien', 1, 1, 153),
(0, '2023-07-01 22:06:00', NULL, NULL, NULL, NULL, 'Hoàn trả tiền đơn hàng 1', 1, 2000, 'success', 'hoan tien', 1, 1, 154),
(0, '2023-07-01 22:07:00', NULL, NULL, NULL, NULL, 'Hoàn trả tiền đơn hàng 1', 1, 2000, 'success', 'hoan tien', 1, 1, 155),
(0, '2023-07-01 22:07:00', NULL, NULL, NULL, NULL, 'Hoàn trả tiền đơn hàng 1', 1, 2000, 'success', 'hoan tien', 1, 1, 156),
(0, '2023-07-01 22:08:00', NULL, NULL, NULL, NULL, 'Hoàn trả tiền đơn hàng 1', 1, 2000, 'success', 'hoan tien', 1, 1, 157),
(0, '2023-07-01 22:08:00', NULL, NULL, NULL, NULL, 'Hoàn trả tiền đơn hàng 1', 1, 2000, 'success', 'hoan tien', 1, 1, 158),
(0, '2023-07-01 22:09:00', NULL, NULL, NULL, NULL, 'Hoàn trả tiền đơn hàng 1', 1, 2000, 'success', 'hoan tien', 1, 1, 159),
(0, '2023-07-01 22:10:00', NULL, NULL, NULL, NULL, 'Hoàn trả tiền đơn hàng 1', 1, 2000, 'success', 'hoan tien', 1, 1, 160),
(0, '2023-07-01 22:11:00', NULL, NULL, NULL, NULL, 'Hoàn trả tiền đơn hàng 1', 1, 2000, 'success', 'hoan tien', 1, 1, 161),
(0, '2023-07-01 22:15:00', NULL, NULL, NULL, NULL, 'Hoàn trả tiền đơn hàng 1', 1, 2000, 'success', 'hoan tien', 1, 1, 162),
(0, '2023-07-01 22:15:00', NULL, NULL, NULL, NULL, 'Hoàn trả tiền đơn hàng 1', 1, 2000, 'success', 'hoan tien', 1, 1, 163),
(0, '2023-07-01 22:15:00', NULL, NULL, NULL, NULL, 'Hoàn trả tiền đơn hàng 6', 1, 200, 'success', 'hoan tien', 0, 1, 164),
(0, '2023-07-01 22:15:00', NULL, NULL, NULL, NULL, 'Hoàn trả tiền đơn hàng 6', 1, 200, 'success', 'hoan tien', 0, 1, 165),
(0, '2023-07-01 22:15:00', NULL, NULL, NULL, NULL, 'Hoàn trả tiền đơn hàng 1', 1, 2000, 'success', 'hoan tien', 1, 1, 166),
(0, '2023-07-01 22:15:00', NULL, NULL, NULL, NULL, 'Hoàn trả tiền đơn hàng 6', 1, 200, 'success', 'hoan tien', 0, 1, 167),
(0, '2023-07-01 22:16:00', NULL, NULL, NULL, NULL, 'Hoàn trả tiền đơn hàng 1', 1, 2000, 'success', 'hoan tien', 1, 1, 168),
(0, '2023-07-01 22:16:00', NULL, NULL, NULL, NULL, 'Hoàn trả tiền đơn hàng 1', 1, 2000, 'success', 'hoan tien', 1, 1, 169),
(0, '2023-07-01 22:16:00', NULL, NULL, NULL, NULL, 'Hoàn trả tiền đơn hàng 1', 1, 2000, 'success', 'hoan tien', 1, 1, 170),
(0, '2023-07-01 22:16:00', NULL, NULL, NULL, NULL, 'Hoàn trả tiền đơn hàng 6', 1, 200, 'success', 'hoan tien', 0, 1, 171),
(0, '2023-07-01 22:16:00', NULL, NULL, NULL, NULL, 'Hoàn trả tiền đơn hàng 6', 1, 200, 'success', 'hoan tien', 0, 1, 172),
(0, '2023-07-01 22:16:00', NULL, NULL, NULL, NULL, 'Hoàn trả tiền đơn hàng 6', 1, 200, 'success', 'hoan tien', 0, 1, 173),
(0, '2023-07-01 22:17:00', NULL, NULL, NULL, NULL, 'Hoàn trả tiền đơn hàng 1', 1, 2000, 'success', 'hoan tien', 1, 1, 174),
(0, '2023-07-01 22:17:00', NULL, NULL, NULL, NULL, 'Hoàn trả tiền đơn hàng 1', 1, 2000, 'success', 'hoan tien', 1, 1, 175),
(0, '2023-07-01 22:17:00', NULL, NULL, NULL, NULL, 'Hoàn trả tiền đơn hàng 1', 1, 2000, 'success', 'hoan tien', 1, 1, 176),
(0, '2023-07-01 22:17:00', NULL, NULL, NULL, NULL, 'Hoàn trả tiền đơn hàng 6', 1, 200, 'success', 'hoan tien', 0, 1, 177),
(0, '2023-07-01 22:17:00', NULL, NULL, NULL, NULL, 'Hoàn trả tiền đơn hàng 6', 1, 200, 'success', 'hoan tien', 0, 1, 178),
(0, '2023-07-01 22:17:00', NULL, NULL, NULL, NULL, 'Hoàn trả tiền đơn hàng 6', 1, 200, 'success', 'hoan tien', 0, 1, 179),
(0, '2023-07-01 22:18:00', NULL, NULL, NULL, NULL, 'Hoàn trả tiền đơn hàng 1', 1, 2000, 'success', 'hoan tien', 1, 1, 180),
(0, '2023-07-01 22:18:00', NULL, NULL, NULL, NULL, 'Hoàn trả tiền đơn hàng 1', 1, 2000, 'success', 'hoan tien', 1, 1, 181),
(0, '2023-07-01 22:18:00', NULL, NULL, NULL, NULL, 'Hoàn trả tiền đơn hàng 6', 1, 200, 'success', 'hoan tien', 0, 1, 182),
(0, '2023-07-01 22:18:00', NULL, NULL, NULL, NULL, 'Hoàn trả tiền đơn hàng 6', 1, 200, 'success', 'hoan tien', 0, 1, 183),
(0, '2023-07-01 22:18:00', NULL, NULL, NULL, NULL, 'Hoàn trả tiền đơn hàng 1', 1, 2000, 'success', 'hoan tien', 1, 1, 184),
(0, '2023-07-01 22:18:00', NULL, NULL, NULL, NULL, 'Hoàn trả tiền đơn hàng 6', 1, 200, 'success', 'hoan tien', 0, 1, 185),
(0, '2023-07-01 22:18:00', NULL, NULL, NULL, NULL, 'Hoàn trả tiền đơn hàng 1', 1, 2000, 'success', 'hoan tien', 1, 1, 186),
(0, '2023-07-01 22:18:00', NULL, NULL, NULL, NULL, 'Hoàn trả tiền đơn hàng 6', 1, 200, 'success', 'hoan tien', 0, 1, 187),
(0, '2023-07-01 22:19:00', NULL, NULL, NULL, NULL, 'Hoàn trả tiền đơn hàng 1', 1, 2000, 'success', 'hoan tien', 1, 1, 188),
(0, '2023-07-01 22:19:00', NULL, NULL, NULL, NULL, 'Hoàn trả tiền đơn hàng 1', 1, 2000, 'success', 'hoan tien', 1, 1, 189),
(0, '2023-07-01 22:19:00', NULL, NULL, NULL, NULL, 'Hoàn trả tiền đơn hàng 1', 1, 2000, 'success', 'hoan tien', 1, 1, 190),
(0, '2023-07-01 22:19:00', NULL, NULL, NULL, NULL, 'Hoàn trả tiền đơn hàng 6', 1, 200, 'success', 'hoan tien', 0, 1, 191),
(0, '2023-07-01 22:19:00', NULL, NULL, NULL, NULL, 'Hoàn trả tiền đơn hàng 6', 1, 200, 'success', 'hoan tien', 0, 1, 192),
(0, '2023-07-01 22:19:00', NULL, NULL, NULL, NULL, 'Hoàn trả tiền đơn hàng 6', 1, 200, 'success', 'hoan tien', 0, 1, 193),
(0, '2023-07-01 22:20:00', NULL, NULL, NULL, NULL, 'Hoàn trả tiền đơn hàng 1', 1, 2000, 'success', 'hoan tien', 1, 1, 194),
(0, '2023-07-01 22:20:00', NULL, NULL, NULL, NULL, 'Hoàn trả tiền đơn hàng 1', 1, 2000, 'success', 'hoan tien', 1, 1, 195),
(0, '2023-07-01 22:20:00', NULL, NULL, NULL, NULL, 'Hoàn trả tiền đơn hàng 6', 1, 200, 'success', 'hoan tien', 0, 1, 196),
(0, '2023-07-01 22:20:00', NULL, NULL, NULL, NULL, 'Hoàn trả tiền đơn hàng 6', 1, 200, 'success', 'hoan tien', 0, 1, 197),
(0, '2023-07-01 22:21:00', NULL, NULL, NULL, NULL, 'Hoàn trả tiền đơn hàng 1', 1, 2000, 'success', 'hoan tien', 1, 1, 198),
(0, '2023-07-01 22:21:00', NULL, NULL, NULL, NULL, 'Hoàn trả tiền đơn hàng 6', 1, 200, 'success', 'hoan tien', 0, 1, 199),
(0, '2023-07-01 22:22:00', NULL, NULL, NULL, NULL, 'Hoàn trả tiền đơn hàng 1', 1, 2000, 'success', 'hoan tien', 1, 1, 200),
(0, '2023-07-01 22:22:00', NULL, NULL, NULL, NULL, 'Hoàn trả tiền đơn hàng 6', 1, 200, 'success', 'hoan tien', 0, 1, 201),
(0, '2023-07-01 22:23:00', NULL, NULL, NULL, NULL, 'Hoàn trả tiền đơn hàng 1', 1, 2000, 'success', 'hoan tien', 1, 1, 202),
(0, '2023-07-01 22:23:00', NULL, NULL, NULL, NULL, 'Hoàn trả tiền đơn hàng 6', 1, 200, 'success', 'hoan tien', 0, 1, 203),
(0, '2023-07-01 22:24:00', NULL, NULL, NULL, NULL, 'Hoàn trả tiền đơn hàng 1', 1, 2000, 'success', 'hoan tien', 1, 1, 204),
(0, '2023-07-01 22:24:00', NULL, NULL, NULL, NULL, 'Hoàn trả tiền đơn hàng 6', 1, 200, 'success', 'hoan tien', 0, 1, 205),
(0, '2023-07-01 22:25:00', NULL, NULL, NULL, NULL, 'Hoàn trả tiền đơn hàng 1', 1, 2000, 'success', 'hoan tien', 1, 1, 206),
(0, '2023-07-01 22:25:00', NULL, NULL, NULL, NULL, 'Hoàn trả tiền đơn hàng 6', 1, 200, 'success', 'hoan tien', 0, 1, 207),
(0, '2023-07-01 22:26:00', NULL, NULL, NULL, NULL, 'Hoàn trả tiền đơn hàng 1', 1, 2000, 'success', 'hoan tien', 1, 1, 208),
(0, '2023-07-01 22:26:00', NULL, NULL, NULL, NULL, 'Hoàn trả tiền đơn hàng 6', 1, 200, 'success', 'hoan tien', 0, 1, 209),
(0, '2023-07-01 22:27:00', NULL, NULL, NULL, NULL, 'Hoàn trả tiền đơn hàng 1', 1, 2000, 'success', 'hoan tien', 1, 1, 210),
(0, '2023-07-01 22:27:00', NULL, NULL, NULL, NULL, 'Hoàn trả tiền đơn hàng 6', 1, 200, 'success', 'hoan tien', 0, 1, 211),
(0, '2023-07-01 22:28:00', NULL, NULL, NULL, NULL, 'Hoàn trả tiền đơn hàng 1', 1, 2000, 'success', 'hoan tien', 1, 1, 212),
(0, '2023-07-01 22:28:00', NULL, NULL, NULL, NULL, 'Hoàn trả tiền đơn hàng 6', 1, 200, 'success', 'hoan tien', 0, 1, 213),
(0, '2023-07-01 22:28:00', NULL, NULL, NULL, NULL, 'Hoàn trả tiền đơn hàng 1', 1, 2000, 'success', 'hoan tien', 1, 1, 214),
(0, '2023-07-01 22:28:00', NULL, NULL, NULL, NULL, 'Hoàn trả tiền đơn hàng 6', 1, 200, 'success', 'hoan tien', 0, 1, 215),
(0, '2023-07-01 22:29:00', NULL, NULL, NULL, NULL, 'Hoàn trả tiền đơn hàng 1', 1, 2000, 'success', 'hoan tien', 1, 1, 216),
(0, '2023-07-01 22:29:00', NULL, NULL, NULL, NULL, 'Hoàn trả tiền đơn hàng 1', 1, 2000, 'success', 'hoan tien', 1, 1, 217),
(0, '2023-07-01 22:29:00', NULL, NULL, NULL, NULL, 'Hoàn trả tiền đơn hàng 6', 1, 200, 'success', 'hoan tien', 0, 1, 218),
(0, '2023-07-01 22:29:00', NULL, NULL, NULL, NULL, 'Hoàn trả tiền đơn hàng 6', 1, 200, 'success', 'hoan tien', 0, 1, 219),
(0, '2023-07-01 22:30:00', NULL, NULL, NULL, NULL, 'Hoàn trả tiền đơn hàng 1', 1, 2000, 'success', 'hoan tien', 1, 1, 220),
(0, '2023-07-01 22:30:00', NULL, NULL, NULL, NULL, 'Hoàn trả tiền đơn hàng 6', 1, 200, 'success', 'hoan tien', 0, 1, 221),
(0, '2023-07-01 22:31:00', NULL, NULL, NULL, NULL, 'Hoàn trả tiền đơn hàng 1', 1, 2000, 'success', 'hoan tien', 1, 1, 222),
(0, '2023-07-01 22:31:00', NULL, NULL, NULL, NULL, 'Hoàn trả tiền đơn hàng 6', 1, 200, 'success', 'hoan tien', 0, 1, 223),
(0, '2023-07-01 22:32:00', NULL, NULL, NULL, NULL, 'Hoàn trả tiền đơn hàng 1', 1, 2000, 'success', 'hoan tien', 1, 1, 224),
(0, '2023-07-01 22:32:00', NULL, NULL, NULL, NULL, 'Hoàn trả tiền đơn hàng 6', 1, 200, 'success', 'hoan tien', 0, 1, 225),
(0, '2023-07-01 22:33:00', NULL, NULL, NULL, NULL, 'Hoàn trả tiền đơn hàng 1', 1, 2000, 'success', 'hoan tien', 1, 1, 226),
(0, '2023-07-01 22:33:00', NULL, NULL, NULL, NULL, 'Hoàn trả tiền đơn hàng 6', 1, 200, 'success', 'hoan tien', 0, 1, 227),
(0, '2023-07-01 22:36:00', NULL, NULL, NULL, NULL, 'Hoàn trả tiền đơn hàng 1', 1, 2000, 'success', 'hoan tien', 1, 1, 228),
(0, '2023-07-01 22:36:00', NULL, NULL, NULL, NULL, 'Hoàn trả tiền đơn hàng 6', 1, 200, 'success', 'hoan tien', 0, 1, 229),
(0, '2023-07-01 22:36:00', NULL, NULL, NULL, NULL, 'Hoàn trả tiền đơn hàng 7', 1, 200, 'success', 'hoan tien', 0, 1, 230),
(0, '2023-07-01 22:37:00', NULL, NULL, NULL, NULL, 'Hoàn trả tiền đơn hàng 1', 1, 2000, 'success', 'hoan tien', 1, 1, 231),
(0, '2023-07-01 22:37:00', NULL, NULL, NULL, NULL, 'Hoàn trả tiền đơn hàng 6', 1, 200, 'success', 'hoan tien', 0, 1, 232),
(0, '2023-07-01 22:37:00', NULL, NULL, NULL, NULL, 'Hoàn trả tiền đơn hàng 7', 1, 200, 'success', 'hoan tien', 0, 1, 233),
(0, '2023-07-01 22:38:00', NULL, NULL, NULL, NULL, 'Hoàn trả tiền đơn hàng 1', 1, 2000, 'success', 'hoan tien', 1, 1, 234),
(0, '2023-07-01 22:38:00', NULL, NULL, NULL, NULL, 'Hoàn trả tiền đơn hàng 6', 1, 200, 'success', 'hoan tien', 0, 1, 235),
(0, '2023-07-01 22:38:00', NULL, NULL, NULL, NULL, 'Hoàn trả tiền đơn hàng 7', 1, 200, 'success', 'hoan tien', 0, 1, 236),
(0, '2023-07-01 22:39:00', NULL, NULL, NULL, NULL, 'Hoàn trả tiền đơn hàng 1', 1, 2000, 'success', 'hoan tien', 1, 1, 237),
(0, '2023-07-01 22:39:00', NULL, NULL, NULL, NULL, 'Hoàn trả tiền đơn hàng 6', 1, 200, 'success', 'hoan tien', 0, 1, 238),
(0, '2023-07-01 22:39:00', NULL, NULL, NULL, NULL, 'Hoàn trả tiền đơn hàng 7', 1, 200, 'success', 'hoan tien', 0, 1, 239),
(0, '2023-07-01 22:40:00', NULL, NULL, NULL, NULL, 'Hoàn trả tiền đơn hàng 1', 1, 2000, 'success', 'hoan tien', 1, 1, 240),
(0, '2023-07-01 22:40:00', NULL, NULL, NULL, NULL, 'Hoàn trả tiền đơn hàng 6', 1, 200, 'success', 'hoan tien', 0, 1, 241),
(0, '2023-07-01 22:40:00', NULL, NULL, NULL, NULL, 'Hoàn trả tiền đơn hàng 7', 1, 200, 'success', 'hoan tien', 0, 1, 242),
(0, '2023-07-01 22:40:00', NULL, NULL, NULL, NULL, 'Hoàn trả tiền đơn hàng 1', 1, 2000, 'success', 'hoan tien', 1, 1, 243),
(0, '2023-07-01 22:40:00', NULL, NULL, NULL, NULL, 'Hoàn trả tiền đơn hàng 6', 1, 200, 'success', 'hoan tien', 0, 1, 244),
(0, '2023-07-01 22:40:00', NULL, NULL, NULL, NULL, 'Hoàn trả tiền đơn hàng 7', 1, 200, 'success', 'hoan tien', 0, 1, 245),
(0, '2023-07-01 22:41:00', NULL, NULL, NULL, NULL, 'Hoàn trả tiền đơn hàng 1', 1, 2000, 'success', 'hoan tien', 1, 1, 246),
(0, '2023-07-01 22:41:00', NULL, NULL, NULL, NULL, 'Hoàn trả tiền đơn hàng 6', 1, 200, 'success', 'hoan tien', 0, 1, 247),
(0, '2023-07-01 22:41:00', NULL, NULL, NULL, NULL, 'Hoàn trả tiền đơn hàng 7', 1, 200, 'success', 'hoan tien', 0, 1, 248),
(0, '2023-07-01 22:42:00', NULL, NULL, NULL, NULL, 'Hoàn trả tiền đơn hàng 1', 1, 2000, 'success', 'hoan tien', 1, 1, 249),
(0, '2023-07-01 22:42:00', NULL, NULL, NULL, NULL, 'Hoàn trả tiền đơn hàng 6', 1, 200, 'success', 'hoan tien', 0, 1, 250),
(0, '2023-07-01 22:42:00', NULL, NULL, NULL, NULL, 'Hoàn trả tiền đơn hàng 7', 1, 200, 'success', 'hoan tien', 0, 1, 251),
(0, '2023-07-01 22:43:00', NULL, NULL, NULL, NULL, 'Hoàn trả tiền đơn hàng 1', 1, 2000, 'success', 'hoan tien', 1, 1, 252),
(0, '2023-07-01 22:43:00', NULL, NULL, NULL, NULL, 'Hoàn trả tiền đơn hàng 6', 1, 200, 'success', 'hoan tien', 0, 1, 253),
(0, '2023-07-01 22:43:00', NULL, NULL, NULL, NULL, 'Hoàn trả tiền đơn hàng 7', 1, 200, 'success', 'hoan tien', 0, 1, 254),
(0, '2023-07-01 22:44:00', NULL, NULL, NULL, NULL, 'Hoàn trả tiền đơn hàng 1', 1, 2000, 'success', 'hoan tien', 1, 1, 255),
(0, '2023-07-01 22:44:00', NULL, NULL, NULL, NULL, 'Hoàn trả tiền đơn hàng 6', 1, 200, 'success', 'hoan tien', 0, 1, 256),
(0, '2023-07-01 22:44:00', NULL, NULL, NULL, NULL, 'Hoàn trả tiền đơn hàng 7', 1, 200, 'success', 'hoan tien', 0, 1, 257),
(0, '2023-07-02 05:12:00', NULL, NULL, NULL, NULL, 'Hoàn trả tiền đơn hàng 1', 1, 2000, 'success', 'hoan tien', 1, 1, 342),
(0, '2023-07-02 05:12:00', NULL, NULL, NULL, NULL, 'Hoàn trả tiền đơn hàng 7', 1, 200, 'success', 'hoan tien', 0, 1, 343),
(0, '2023-07-02 05:17:00', NULL, NULL, NULL, NULL, 'Hoàn trả tiền đơn hàng 1', 1, 2000, 'success', 'hoan tien', 1, 1, 344),
(0, '2023-07-02 05:17:00', NULL, NULL, NULL, NULL, 'Hoàn trả tiền đơn hàng 6', 1, 200, 'success', 'hoan tien', 0, 1, 345),
(0, '2023-07-02 05:22:00', NULL, NULL, NULL, NULL, 'Hoàn trả tiền đơn hàng 1', 1, 2000, 'success', 'hoan tien', 1, 1, 346),
(0, '2023-07-11 10:39:43', '2023-07-11 10:39:48', NULL, NULL, NULL, 'Nạp tiền bằng VNpay', 1, 10000, 'Failed', 'Order qua Vnpay', 1, 0, 347),
(0, '2023-07-11 10:49:27', NULL, NULL, NULL, NULL, 'Nạp tiền bằng VNpay', 1, 20000, 'Failed', 'Order qua Vnpay', 0, 0, 348),
(0, '2023-07-11 10:49:34', NULL, NULL, NULL, NULL, 'Nạp tiền bằng VNpay', 1, 20000, 'Failed', 'Order qua Vnpay', 0, 0, 349),
(0, '2023-07-11 10:52:07', NULL, NULL, NULL, NULL, 'Nạp tiền bằng VNpay', 1, 10000, 'Failed', 'Order qua Vnpay', 0, 0, 350),
(0, '2023-07-11 10:53:19', NULL, NULL, NULL, NULL, 'Nạp tiền bằng VNpay', 1, 10000, 'Failed', 'Order qua Vnpay', 0, 0, 351),
(0, '2023-07-11 13:05:54', '2023-07-11 13:05:54', NULL, NULL, NULL, 'Thanh toán đơn hàng', 0, 40000, 'Success', 'mua the', 2, 0, 354),
(0, '2023-07-11 13:07:33', '2023-07-11 13:07:33', NULL, NULL, NULL, 'Thanh toán đơn hàng', 0, 40000, 'Success', 'mua the', 2, 0, 355),
(0, '2023-07-12 17:44:08', '2023-07-12 17:44:08', NULL, NULL, NULL, 'Thanh toán đơn hàng', 0, 20000, 'Success', 'mua the', 1, 0, 358),
(0, '2023-07-12 17:45:32', NULL, NULL, NULL, NULL, 'Nạp tiền bằng VNpay', 1, 20000, 'Failed', 'Order qua Vnpay', 0, 0, 359),
(0, '2023-07-12 17:46:31', '2023-07-12 17:46:31', NULL, NULL, NULL, 'Thanh toán đơn hàng', 0, 10000, 'Success', 'mua the', 1, 0, 360),
(0, '2023-07-12 17:48:59', '2023-07-12 17:48:59', NULL, NULL, NULL, 'Thanh toán đơn hàng', 0, 20000, 'Success', 'mua the', 1, 0, 361),
(0, '2023-07-12 17:56:55', '2023-07-12 17:56:55', NULL, NULL, NULL, 'Thanh toán đơn hàng', 0, 10000, 'Success', 'mua the', 1, 0, 362),
(0, '2023-07-12 17:57:53', '2023-07-12 17:57:53', NULL, NULL, NULL, 'Thanh toán đơn hàng', 0, 10000, 'Success', 'mua the', 1, 0, 363),
(0, '2023-07-12 18:08:20', '2023-07-12 18:08:20', NULL, NULL, NULL, 'Thanh toán đơn hàng', 0, 10000, 'Success', 'mua the', 1, 0, 364),
(0, '2023-07-12 18:35:55', '2023-07-12 18:36:01', NULL, NULL, NULL, 'Nạp tiền bằng VNpay', 1, 10000, 'Failed', 'Order qua Vnpay', 1, 0, 365),
(0, '2023-07-18 14:59:11', '2023-07-18 15:00:45', NULL, NULL, NULL, 'Nạp tiền bằng VNpay', 1, 10000, 'success', 'Order qua Vnpay', 1, 0, 366),
(0, '2023-07-21 03:05:26', '2023-07-21 03:05:52', NULL, NULL, NULL, 'Nạp tiền bằng VNpay', 1, 500000, 'success', 'Order qua Vnpay', 0, 0, 367),
(0, '2023-07-21 03:11:30', '2023-07-21 03:11:30', NULL, NULL, NULL, 'Thanh toán đơn hàng', 0, 60000, 'Success', 'mua the', 1, 0, 368),
(0, '2023-07-21 03:27:23', '2023-07-21 03:27:46', NULL, NULL, NULL, 'Nạp tiền bằng VNpay', 1, 20000, 'success', 'Order qua Vnpay', 0, 0, 369),
(0, '2023-07-21 03:39:44', '2023-07-21 03:40:50', NULL, NULL, NULL, 'Nạp tiền bằng VNpay', 1, 200000, 'success', 'Order qua Vnpay', 0, 0, 370),
(0, '2023-07-21 11:15:24', NULL, NULL, NULL, NULL, 'Nạp tiền bằng VNpay', 1, 20000, 'Failed', 'Order qua Vnpay', 0, 0, 371),
(0, '2023-07-21 11:16:30', '2023-07-21 11:17:02', NULL, NULL, NULL, 'Nạp tiền bằng VNpay', 1, 30000, 'success', 'Order qua Vnpay', 0, 0, 372),
(0, '2023-07-21 11:22:08', '2023-07-21 11:22:34', NULL, NULL, NULL, 'Nạp tiền bằng VNpay', 1, 20000, 'success', 'Order qua Vnpay', 0, 0, 373),
(0, '2023-07-21 12:55:54', '2023-07-21 12:55:54', NULL, NULL, NULL, 'Thanh toán đơn hàng', 0, 180000, 'Success', 'mua the', 1, 0, 374),
(0, '2023-07-21 12:55:54', '2023-07-22 15:46:45', NULL, NULL, NULL, 'Hoàn trả tiền đơn hàng 84', 1, 180000, 'success', 'hoan tien', 1, 1, 375),
(0, '2023-07-21 22:49:22', '2023-07-21 22:49:45', NULL, NULL, NULL, 'Nạp tiền bằng VNpay', 1, 30000, 'success', 'Order qua Vnpay', 0, 0, 376),
(0, '2023-07-21 22:55:52', '2023-07-21 22:55:56', NULL, NULL, NULL, 'Nạp tiền bằng VNpay', 1, 10000, 'Failed', 'Order qua Vnpay', 0, 0, 377),
(0, '2023-07-21 23:23:01', '2023-07-21 23:23:23', NULL, NULL, NULL, 'Nạp tiền bằng VNpay', 1, 30000, 'success', 'Order qua Vnpay', 0, 0, 378),
(0, '2023-07-21 23:24:17', '2023-07-21 23:24:40', NULL, NULL, NULL, 'Nạp tiền bằng VNpay', 1, 180000, 'success', 'Order qua Vnpay', 0, 0, 379),
(0, '2023-07-21 23:24:42', '2023-07-22 15:46:46', NULL, NULL, NULL, 'Hoàn trả tiền đơn hàng 88', 1, 1800, 'success', 'hoan tien', 0, 1, 380),
(0, '2023-07-22 10:12:28', '2023-07-22 10:13:57', NULL, NULL, NULL, 'Nạp tiền bằng VNpay', 1, 1000000, 'success', 'nap tien', 20, 0, 381),
(0, '2023-07-22 10:20:39', '2023-07-22 10:21:04', NULL, NULL, NULL, 'Nạp tiền bằng VNpay', 1, 100000, 'success', 'nap tien', 20, 0, 382),
(0, '2023-07-22 10:24:01', '2023-07-22 10:24:38', NULL, NULL, NULL, 'Nạp tiền bằng VNpay', 1, 1000000, 'success', 'nap tien', 20, 0, 383),
(0, '2023-07-22 10:25:07', '2023-07-22 10:25:07', NULL, NULL, NULL, 'Thanh toán đơn hàng', 0, 20000, 'Success', 'mua the', 20, 0, 384),
(0, '2023-07-22 10:29:14', '2023-07-22 10:29:14', NULL, NULL, NULL, 'Thanh toán đơn hàng', 0, 10000, 'Success', 'mua the', 20, 0, 385),
(0, '2023-07-22 10:42:56', '2023-07-22 10:43:20', NULL, NULL, NULL, 'Nạp tiền bằng VNpay', 1, 1000000, 'success', 'nap tien', 21, 0, 386),
(0, '2023-07-22 10:43:59', '2023-07-22 10:43:59', NULL, NULL, NULL, 'Thanh toán đơn hàng', 0, 40000, 'Success', 'mua the', 21, 0, 387),
(0, '2023-07-22 11:09:54', '2023-07-22 11:10:16', NULL, NULL, NULL, 'Nạp tiền bằng VNpay', 1, 1000000, 'success', 'nap tien', 22, 0, 388),
(0, '2023-07-22 11:11:02', '2023-07-22 11:11:02', NULL, NULL, NULL, 'Thanh toán đơn hàng', 0, 20000, 'Success', 'mua the', 22, 0, 389),
(0, '2023-07-22 11:11:34', '2023-07-22 11:11:34', NULL, NULL, NULL, 'Thanh toán đơn hàng', 0, 80000, 'Success', 'mua the', 22, 0, 390),
(0, '2023-07-22 11:11:48', '2023-07-22 11:12:11', NULL, NULL, NULL, 'Nạp tiền bằng VNpay', 1, 20000, 'success', 'Order qua Vnpay', 22, 0, 391),
(0, '2023-07-22 11:17:11', '2023-07-22 11:17:11', NULL, NULL, NULL, 'Thanh toán đơn hàng', 0, 30000, 'Success', 'mua the', 22, 0, 392),
(0, '2023-07-22 11:17:22', '2023-07-22 11:17:22', NULL, NULL, NULL, 'Thanh toán đơn hàng', 0, 20000, 'Success', 'mua the', 22, 0, 393),
(0, '2023-07-22 11:17:35', '2023-07-22 11:17:35', NULL, NULL, NULL, 'Thanh toán đơn hàng', 0, 100000, 'Success', 'mua the', 22, 0, 394),
(0, '2023-07-22 19:38:32', '2023-07-22 19:38:32', NULL, NULL, NULL, 'Thanh toán đơn hàng', 0, 1000000, 'Failed', 'mua the', 22, 0, 395),
(0, '2023-07-22 19:51:08', NULL, NULL, NULL, NULL, 'Nạp tiền bằng VNpay', 1, 1000000, 'Failed', 'Order qua Vnpay', 22, 0, 396),
(0, '2023-07-22 19:51:38', '2023-07-22 19:51:38', NULL, NULL, NULL, 'Thanh toán đơn hàng', 0, 1000000, 'Failed', 'mua the', 22, 0, 397),
(0, '2023-07-22 19:52:38', NULL, NULL, NULL, NULL, 'Nạp tiền bằng VNpay', 1, 10000, 'Failed', 'nap tien', 22, 0, 398),
(0, '2023-07-22 19:55:02', NULL, NULL, NULL, NULL, 'Nạp tiền bằng VNpay', 1, 10000, 'Failed', 'nap tien', 1, 0, 399),
(0, '2023-07-22 19:55:48', NULL, NULL, NULL, NULL, 'Nạp tiền bằng VNpay', 1, 10000, 'Failed', 'nap tien', 1, 0, 400),
(0, '2023-07-22 19:56:06', NULL, NULL, NULL, NULL, 'Nạp tiền bằng VNpay', 1, 10000, 'Failed', 'nap tien', 1, 0, 401),
(0, '2023-07-22 19:57:49', NULL, NULL, NULL, NULL, 'Nạp tiền bằng VNpay', 1, 10000, 'Failed', 'nap tien', 1, 0, 402),
(0, '2023-07-22 19:57:57', NULL, NULL, NULL, NULL, 'Nạp tiền bằng VNpay', 1, 10000, 'Failed', 'nap tien', 1, 0, 403),
(0, '2023-07-22 20:06:26', NULL, NULL, NULL, NULL, 'Nạp tiền bằng VNpay', 1, 10000, 'Failed', 'nap tien', 23, 0, 404),
(0, '2023-07-22 20:36:00', NULL, NULL, NULL, NULL, 'Nạp tiền bằng VNpay', 1, 10000, 'Failed', 'nap tien', 23, 0, 405),
(0, '2023-07-26 01:45:20', NULL, NULL, NULL, NULL, 'Nạp tiền bằng VNpay', 1, 10000, 'Failed', 'nap tien', 1, 0, 406),
(0, '2023-07-26 01:51:03', NULL, NULL, NULL, NULL, 'Nạp tiền bằng VNpay', 1, 10000, 'Failed', 'nap tien', 1, 0, 407),
(0, '2023-07-26 01:51:14', NULL, NULL, NULL, NULL, 'Nạp tiền bằng VNpay', 1, 10000, 'Failed', 'nap tien', 1, 0, 408);

-- --------------------------------------------------------

--
-- Cấu trúc bảng cho bảng `user`
--

CREATE TABLE `user` (
  `isDeleted` tinyint(1) NOT NULL,
  `createdAt` datetime NOT NULL,
  `updatedAt` datetime DEFAULT NULL,
  `updatedBy` varchar(200) DEFAULT NULL,
  `deletedAt` datetime DEFAULT NULL,
  `deletedBy` varchar(200) DEFAULT NULL,
  `name` varchar(200) NOT NULL,
  `email` varchar(200) NOT NULL,
  `password` varchar(200) NOT NULL,
  `status` tinyint(1) NOT NULL,
  `role` varchar(100) NOT NULL,
  `wallet` double NOT NULL,
  `fullname` varchar(200) DEFAULT NULL,
  `phone` varchar(200) DEFAULT NULL,
  `avatar` varchar(200) DEFAULT NULL,
  `id` int(20) NOT NULL
) ENGINE=InnoDB DEFAULT CHARSET=utf8mb4 COLLATE=utf8mb4_general_ci;

--
-- Đang đổ dữ liệu cho bảng `user`
--

INSERT INTO `user` (`isDeleted`, `createdAt`, `updatedAt`, `updatedBy`, `deletedAt`, `deletedBy`, `name`, `email`, `password`, `status`, `role`, `wallet`, `fullname`, `phone`, `avatar`, `id`) VALUES
(0, '2023-06-25 20:09:45', NULL, NULL, NULL, NULL, 'account', 'hieu@gmail.com', 'jdajlf', 1, 'customer', 1280000, NULL, NULL, NULL, 0),
(0, '2023-05-28 02:01:21', '2023-07-25 21:31:39', NULL, NULL, NULL, 'hieu', '', 'SY8neXLGt3XeW7xmdk73BBNuKlg=', 1, 'admin', 17395100, 'Nguyen Trung Hieu', '0866046545', NULL, 1),
(0, '2023-05-28 02:39:47', '2023-06-25 23:18:35', NULL, NULL, NULL, 'hieubgjm', 'hieunthe163816@fpt.edu.vn', 'cE20trfxXdGBnqqGD5syQsIngUI=', 1, 'customer', 120461000, 'Hieu', '0949388669', NULL, 2),
(0, '2023-05-28 04:43:46', NULL, NULL, NULL, NULL, 'Nike', 'tuanngufeqptoccho@gmail.com', 'cE20trfxXdGBnqqGD5syQsIngUI=', 0, 'customer', 0, NULL, NULL, NULL, 3),
(0, '2023-05-28 22:38:18', '2023-05-28 22:39:14', NULL, NULL, NULL, 'ngodung', 'dungnvhe161004@fpt.edu.vn', 'qtNHstaeXXTF1MvQVJZ26fYvuAE=', 1, 'customer', 0, NULL, NULL, NULL, 4),
(0, '2023-05-28 22:59:32', '2023-05-28 23:00:23', NULL, NULL, NULL, 'Sonson', 'sonnxhe163813@fpt.edu.vn', '2KQyHOENInmUZaPpI/kWPa9skzM=', 1, 'customer', 0, NULL, NULL, NULL, 5),
(0, '2023-05-29 15:36:34', NULL, NULL, NULL, NULL, 'dungdung', 'tuanngu@gmail.com', '+hwGmMVX77/6rro1JjrAc63qn+g=', 0, 'customer', 0, NULL, NULL, NULL, 6),
(0, '2023-05-29 21:40:35', '2023-06-01 17:19:22', NULL, NULL, NULL, 'kimchung', 'chungnkhe160935@fpt.edu.vn', 'vne7gA5wGZYleAObbFLKX49FuvE=', 1, 'customer', 0, 'Nguyen Kim Chung', '094532323', NULL, 7),
(0, '2023-05-30 13:04:44', '2023-05-30 13:06:37', NULL, NULL, NULL, 'viet1', 'tqv692002@gmail.com', 'BhcvpiCNFj2CW3NVgBR6w1MPv84=', 1, 'customer', 0, 'Tran Quoc Viet', '0867990063', NULL, 8),
(0, '2023-06-08 15:34:34', '2023-06-08 15:46:05', NULL, NULL, NULL, 'khangpq', 'khangpq.vn@gmail.com', '/eaOGZRMO0iPYzJ3BgwH23m8oDk=', 1, 'customer', 0, NULL, NULL, NULL, 10),
(0, '2023-06-08 16:06:16', '2023-06-08 16:07:58', NULL, NULL, NULL, '零khangpq', 'khangpq3@fpt.edu.vn', 'U6XIWQNKPBRxH8ZgD6U0f78JgW0=', 1, 'customer', 0, NULL, NULL, NULL, 11),
(0, '2023-06-09 19:11:28', '2023-06-09 19:12:07', NULL, NULL, NULL, 'ngocngungoc', 'ngothaongoc610@gmail.com', 'D+c8y+UX9DgsgPenVJdIY8iBe9w=', 1, 'customer', 0, NULL, NULL, NULL, 12),
(0, '2023-06-28 22:58:22', '2023-06-28 23:05:16', NULL, NULL, NULL, 'tuan', 'tuanpnche161516@fpt.edu.vn', 'SY8neXLGt3XeW7xmdk73BBNuKlg=', 1, 'customer', 970000, 'Nguyen Trung Hieu', '0976', NULL, 19),
(0, '2023-07-22 10:11:23', '2023-07-25 21:31:39', NULL, NULL, NULL, 'hieu2910', '', 'SY8neXLGt3XeW7xmdk73BBNuKlg=', 1, 'customer', 970000, 'Nguyen Trung Hieu', '0949388669', NULL, 20),
(0, '2023-07-22 10:41:40', '2023-07-25 21:31:39', NULL, NULL, NULL, 'hieubg29', '', 'SY8neXLGt3XeW7xmdk73BBNuKlg=', 1, 'customer', 960000, 'Nguyen Trung Hieu', '0866046545', NULL, 21),
(0, '2023-07-22 11:07:35', '2023-07-25 21:31:39', NULL, NULL, NULL, 'hieubg2910', '', 'SY8neXLGt3XeW7xmdk73BBNuKlg=', 1, 'customer', 750000, NULL, NULL, NULL, 22),
(0, '2023-07-22 20:02:26', '2023-07-22 20:04:23', NULL, NULL, NULL, 'hieubgjm29', 'hieubgjm@gmail.com', 'cE20trfxXdGBnqqGD5syQsIngUI=', 1, 'customer', 0, 'Nguyen Trung Hieu', '0949388669', NULL, 23);

--
-- Chỉ mục cho các bảng đã đổ
--

--
-- Chỉ mục cho bảng `order`
--
ALTER TABLE `order`
  ADD PRIMARY KEY (`id`),
  ADD KEY `transaction` (`transaction`),
  ADD KEY `user` (`user`),
  ADD KEY `product` (`product`);

--
-- Chỉ mục cho bảng `product`
--
ALTER TABLE `product`
  ADD PRIMARY KEY (`id`),
  ADD KEY `supplier` (`supplier`);

--
-- Chỉ mục cho bảng `storage`
--
ALTER TABLE `storage`
  ADD PRIMARY KEY (`id`),
  ADD KEY `product` (`product`),
  ADD KEY `order` (`order_id`);

--
-- Chỉ mục cho bảng `supplier`
--
ALTER TABLE `supplier`
  ADD PRIMARY KEY (`id`);

--
-- Chỉ mục cho bảng `transaction`
--
ALTER TABLE `transaction`
  ADD PRIMARY KEY (`id`),
  ADD KEY `user` (`user`);

--
-- Chỉ mục cho bảng `user`
--
ALTER TABLE `user`
  ADD PRIMARY KEY (`id`);

--
-- AUTO_INCREMENT cho các bảng đã đổ
--

--
-- AUTO_INCREMENT cho bảng `order`
--
ALTER TABLE `order`
  MODIFY `id` bigint(20) NOT NULL AUTO_INCREMENT, AUTO_INCREMENT=101;

--
-- AUTO_INCREMENT cho bảng `product`
--
ALTER TABLE `product`
  MODIFY `id` bigint(20) NOT NULL AUTO_INCREMENT, AUTO_INCREMENT=37;

--
-- AUTO_INCREMENT cho bảng `storage`
--
ALTER TABLE `storage`
  MODIFY `id` bigint(20) NOT NULL AUTO_INCREMENT, AUTO_INCREMENT=1281;

--
-- AUTO_INCREMENT cho bảng `supplier`
--
ALTER TABLE `supplier`
  MODIFY `id` int(11) NOT NULL AUTO_INCREMENT, AUTO_INCREMENT=6;

--
-- AUTO_INCREMENT cho bảng `transaction`
--
ALTER TABLE `transaction`
  MODIFY `id` int(11) NOT NULL AUTO_INCREMENT, AUTO_INCREMENT=409;

--
-- AUTO_INCREMENT cho bảng `user`
--
ALTER TABLE `user`
  MODIFY `id` int(20) NOT NULL AUTO_INCREMENT, AUTO_INCREMENT=24;

--
-- Các ràng buộc cho các bảng đã đổ
--

--
-- Các ràng buộc cho bảng `order`
--
ALTER TABLE `order`
  ADD CONSTRAINT `order_ibfk_1` FOREIGN KEY (`transaction`) REFERENCES `transaction` (`id`),
  ADD CONSTRAINT `order_ibfk_2` FOREIGN KEY (`user`) REFERENCES `user` (`id`),
  ADD CONSTRAINT `order_ibfk_3` FOREIGN KEY (`product`) REFERENCES `product` (`id`);

--
-- Các ràng buộc cho bảng `product`
--
ALTER TABLE `product`
  ADD CONSTRAINT `product_ibfk_1` FOREIGN KEY (`supplier`) REFERENCES `supplier` (`id`);

--
-- Các ràng buộc cho bảng `storage`
--
ALTER TABLE `storage`
  ADD CONSTRAINT `storage_ibfk_1` FOREIGN KEY (`product`) REFERENCES `product` (`id`),
  ADD CONSTRAINT `storage_ibfk_2` FOREIGN KEY (`order_id`) REFERENCES `order` (`id`);

--
-- Các ràng buộc cho bảng `transaction`
--
ALTER TABLE `transaction`
  ADD CONSTRAINT `transaction_ibfk_1` FOREIGN KEY (`user`) REFERENCES `user` (`id`);
COMMIT;

/*!40101 SET CHARACTER_SET_CLIENT=@OLD_CHARACTER_SET_CLIENT */;
/*!40101 SET CHARACTER_SET_RESULTS=@OLD_CHARACTER_SET_RESULTS */;
/*!40101 SET COLLATION_CONNECTION=@OLD_COLLATION_CONNECTION */;
